"time","h_wspd_1","h_wspd_2","h_wspd_3","h_wspd_4","h_wspd_5","h_wspd_6","h_wdir_1","h_wdir_2","h_wdir_3","h_wdir_4","h_wdir_5","h_wdir_6","file_date"
1,6.56270775919711,7.56146875636445,7.66694676502711,7.92240799575492,7.28729398834485,6.05339988607499,-47.1237569378703,-43.7658680475157,-43.5163622610073,-45.8345376168667,-47.0012650430175,-47.8954074061358,2016-01-01
1,5.74875868147446,5.68743402917628,6.1015740757132,6.34169329114534,6.05715046486093,4.92003761246387,-57.8698454846111,-54.0308576461154,-54.8505104156942,-55.7873703734742,-55.7565711866788,-59.0058865710265,2016-01-02
1,6.80650058183681,7.03573322342778,7.3331718848287,7.48101852641062,7.03120081432164,5.49307638692126,-88.8292216410922,-87.3248431692221,-86.9149322836868,-87.7263593703341,-88.3536383068817,-89.9068576494533,2016-01-03
1,7.50009433717363,8.47581655840355,8.97268461010246,8.82257234675189,8.02617651169499,5.51740567651189,-25.1054901566796,-23.7925995315282,-22.5046984963379,-22.7035167802312,-23.9880983814427,-29.2781151543936,2016-01-04
1,7.66711863611514,8.59010069572125,8.93421469810384,8.70591319773346,7.71707754688812,4.97380034743894,-13.4962175912263,-11.4222476855712,-10.103700235272,-9.53210648183055,-12.9995231496217,-15.3623761540989,2016-01-05
1,2.29831191702021,2.6092644655401,2.75449131537781,2.51629513521092,1.93426388349134,1.54519849379875,-67.2809913276051,-66.0406736038424,-65.6695862267954,-61.4901504715199,-65.6736053221451,-22.3504745294763,2016-01-06
1,2.92883564659429,3.14130555050517,3.21822337760556,3.15828298588559,2.58264582992324,2.08928066881141,-0.428247683871779,0.699794562166746,2.49883622018396,3.06828356781905,2.78142129850513,14.8541759240602,2016-01-07
1,7.1034276674136,7.4617910956205,7.78059144527272,7.94424768679948,7.92146412578998,7.45852951117929,36.3946302047813,39.7261041639469,43.0978582148088,45.9701672338004,48.5728865581309,51.4643778917525,2016-01-08
1,8.38026331987922,8.83455961722743,9.23007523168016,9.51808565152464,9.71022106426734,9.79641262394411,76.7498414319754,78.2550457344673,79.6529363596881,80.6733732702556,81.6048373913323,83.0924409619967,2016-01-09
1,14.5659785937463,15.4455526712344,16.5343263992916,17.4147905075191,18.2367048558538,18.1890005847039,119.760957176376,120.964705465988,122.778163206931,124.811411481433,126.647903934187,123.457703735166,2016-01-10
1,8.59992940159722,9.6979450258585,10.4451834552901,10.1220225747702,8.86722396230549,6.02343981439713,135.950524910291,135.377954878542,135.017795154121,134.460035312529,134.305085091238,135.58527027065,2016-01-11
1,6.8566973374082,7.33700752167557,7.61600231334145,7.57852661774157,7.16708970292644,6.04685185227819,81.6850549754387,90.3990428426065,84.7532297754362,91.0479872722517,85.0567662007934,90.7993472180096,2016-01-12
1,9.56289004860101,10.4928715310273,11.1460711859691,10.9123697939598,9.78125000052154,6.44836284854536,135.74030672506,134.963000011665,134.734916097367,134.927830445943,134.931323515309,115.9991724914,2016-01-13
1,4.59508391157414,5.54205671160585,6.28553414573755,6.02573379779234,4.74880034820901,2.33083506834585,-91.6187974514785,-91.7077471220714,-93.3494427138788,-94.1193889108852,-95.0517586607127,-16.4894259298589,2016-01-14
1,7.07247280686956,7.92794676611269,8.85076157904334,8.63318923746201,6.97439294174141,2.64099710729228,-118.392178841829,-122.285344335547,-123.315618041401,-122.513799214584,-120.349201409773,-24.1641261795163,2016-01-15
1,8.27881076920916,8.7763252391404,9.20334201917052,9.31989583773668,9.12101158340936,8.110101859848,119.250393529556,120.666984388232,122.551381389101,123.337332161621,120.503997674408,114.727798051967,2016-01-16
1,7.1522951448488,7.5409270851452,7.89821702092334,8.06615914840113,8.05106250935131,7.391514470689,126.829729736469,127.741876726327,129.393506930669,130.830118058611,131.007483229416,131.56804109123,2016-01-17
1,9.61312500355144,10.2282893551693,10.780043404508,10.7536730358584,10.2701915554233,7.58239120773195,133.037490145498,133.002499445147,133.932905091268,133.437327559921,133.585456593081,130.530689791408,2016-01-18
1,9.00894907728665,10.618836231044,11.6897968774924,11.2061354188718,8.81864294352191,5.71008969576486,145.004991873194,145.731376151244,145.485885980129,145.077682873496,139.327239553931,96.5676718395577,2016-01-19
1,6.34197280505741,7.02296180752416,7.39537442045493,7.33729919028227,6.6216759283137,4.26860300759431,141.292267343115,140.540574065491,140.424300928028,140.316329272147,141.411972218178,134.730310776212,2016-01-20
1,7.01171528373052,7.47496644345147,7.68430556231627,7.73822396764325,7.38957407988332,6.31771759808408,92.4182667938427,93.0914097256903,93.4942279985657,93.6881938696239,93.7433142413756,93.2045584594548,2016-01-21
1,6.28971759484296,7.00414584146882,7.36329456636199,7.38466378197626,6.67082176371581,4.86391030262276,125.436397004304,127.431122111656,127.068491912727,127.748496519151,127.079032404776,129.702780110991,2016-01-22
1,22.5419056731683,23.006211228917,23.3308026567957,23.7570931671877,23.584077542885,23.6656886531854,110.337725149857,110.46687387301,110.692112303179,110.032924808046,109.62489760355,109.682955461262,2016-01-23
1,11.3751672515383,11.6719160901893,11.8356273190401,11.8719971074771,11.5387997750248,10.5172054435893,-14.2713136545716,-13.8871238408052,-13.3346753466487,-13.2260277754265,-13.4578113482664,-14.2806330994688,2016-01-24
1,4.67202314941859,4.99502372961276,5.38893634875684,5.5781579902913,5.38631134395582,4.22127141141108,-36.8977407315893,-36.5309155058498,-34.579318282806,-33.6686903905862,-33.013992475067,-43.1820815938094,2016-01-25
1,11.5791961735818,12.3840034703193,13.1602395930086,13.7989097156072,14.0545289296795,13.0037366911819,-25.1284207157349,-24.1409039351406,-22.5713182863292,-21.0119629590233,-19.3420515010745,-19.2147922444445,2016-01-26
1,8.3850005762693,8.98001736791321,9.63727778762579,9.88772165360826,9.44086691088147,7.76577199453557,-13.9014907413126,-13.648284721275,-12.5192858787366,-12.4967152793216,-13.2608425948217,-17.2265810218068,2016-01-27
1,3.02099999695275,3.28670080823591,3.66681133916395,3.57097742769867,3.21859779905148,2.56773321431208,19.4449380818787,25.0962905092104,32.2633263911031,41.7264971142991,49.5448709521042,56.263675347972,2016-01-28
1,6.19755555718171,6.70189756805698,7.04676041965131,7.1751157426572,6.9955902836865,5.99079456286436,7.00043980318027,7.18636689683272,4.41857812108985,0.546314806278873,-2.83458043459182,-1.23247916391098,2016-01-29
1,6.17862616074168,7.02906771424192,7.40333102207631,7.31607060604487,6.35352893706825,4.540168401093,-6.66495891213796,-6.50495833063464,-5.93293923568782,-5.79829513617369,-5.21769039326529,-2.77953530287284,2016-01-30
1,10.0024623869111,10.5246088110959,10.821227437749,10.9012928294998,10.3249745437641,8.49946990967625,-17.3347760410253,-14.8363564807951,-12.1599409748537,-10.0686041677565,-7.90934374750273,-5.27711516182292,2016-01-31
1,9.16348785478277,9.93909722631228,10.6408981512563,11.0890578675684,10.7070480368824,11.896811347797,6.37106191854044,10.4623541666481,12.9342100663009,15.1930028941872,17.9243038184259,20.2190596072482,2016-02-01
1,6.58433276719241,7.07154861173972,7.54748264012237,7.75775868435977,7.7319849560465,6.74621354784558,28.1127812410131,30.5721602973758,33.2842650404807,35.3742158673359,36.9650520928378,37.7427581013455,2016-02-02
1,11.7762737370972,12.7409838122847,13.6397361152343,14.3307523069586,14.8483055667938,15.4013095887553,28.627231466726,27.3289432640429,24.259041689237,22.1078727153054,18.9352314910182,17.0532766270638,2016-02-03
1,9.3719467560333,9.92579514087635,10.6796041609496,10.7435480348597,9.89220023878488,8.09689641845447,-59.7727928425725,-46.9125381636558,-41.4810115740185,-38.5305572924415,-37.5419299806066,-38.7699126127054,2016-02-04
1,9.39662037001888,9.66329919198838,9.90370775527562,10.0561053276234,10.0377303282485,9.61913946845638,-11.5925671305539,-10.6525711813793,-10.7069849503739,-10.2471232607287,-10.1379160889443,-10.2300133118543,2016-02-05
1,4.04638888662336,4.51163425959147,4.76618055615557,4.7070109955606,4.42503530174252,3.04091782142727,-65.2757199093111,-57.5649508017105,-58.6489733880034,-56.8366898220005,-58.6606805609775,-62.9310028877852,2016-02-06
1,4.63573205764095,5.0000954897481,5.06935821980928,4.95577720051148,4.71904108868015,3.70388599739548,-33.5838703680125,-29.4491145928496,-29.7077135340703,-29.3863426027946,-33.5047945717319,-33.130060778112,2016-02-07
1,13.7225034708999,14.0273483792334,14.2771597234684,14.4513391207931,14.4860410904332,14.2844646972859,40.4744791697021,40.622593739684,40.7121302020771,40.7438281206842,40.7377876093432,40.7171579782941,2016-02-08
1,6.70104687997312,6.87255035677718,7.08661400919711,7.0979299816848,6.81022511901679,5.98170717956162,77.2440005648136,76.033879056882,76.0997580986553,76.4423402695082,76.0417158517352,76.8530503480302,2016-02-09
1,8.29330035349837,8.80267592740832,9.00163426087962,9.00930150471352,8.71824016756896,7.67603530479285,-37.8058715244297,-37.2245914273868,-37.5960700271865,-37.9469820552179,-37.5701944484842,-37.6084311325034,2016-02-10
1,10.288917827195,11.184780096202,11.6928622718693,11.6648252323498,10.788378475503,8.08853935854035,-59.0230214136397,-58.3334756897114,-58.6326759278774,-58.6189913154311,-58.7598992907569,-60.9349693331297,2016-02-11
1,4.70018692112217,5.3949322927788,5.86034780239876,5.64509722143377,4.78870833228903,2.53769444411414,-66.1301348377172,-70.1166140056186,-71.2380353065231,-71.0151672497745,-67.4677482748746,4.31868054962398,2016-02-12
1,9.4291741898987,10.2062476853806,10.625412037425,10.5204988453841,9.81451852003457,7.46085532696616,-54.6715266240968,-55.0043703737413,-55.0928813558265,-55.2938796247156,-55.7388153840436,-52.4076649226499,2016-02-13
1,5.20508564961591,6.12627835629301,6.88874190153002,6.55462963387508,5.42447858667225,3.64168634246858,-27.1294502321769,-27.6868524366964,-29.3940028887989,-28.6745283620186,-27.4040694443081,-6.3642772018355,2016-02-14
1,4.83244097182803,5.05304803254523,5.20889409736264,5.24161227033068,5.05263715444667,4.7236660882565,57.3099756943749,59.6545914282668,63.6809015967946,61.2067719905426,56.4961417694636,55.1136226968517,2016-02-15
1,15.2655433961584,16.4955839101032,17.6293726818127,18.6390758144344,19.422634836052,19.9115949142676,-23.2946909701383,-25.7842720024674,-28.5554027781663,-36.476126745277,-44.5837129618503,-67.4850382224469,2016-02-16
1,7.31314179021313,7.7138512751874,7.9511828754318,7.95189583927669,7.32232870721845,5.68521817487328,-60.3499664362934,-59.2785109915005,-57.4281944451619,-55.8648657379106,-54.5616545072598,-49.3038379548622,2016-02-17
1,5.82742245717181,6.71308796945545,7.14988310989958,7.16756944832151,6.54116956575877,4.71581191977452,-28.6736249962836,-28.9703211805805,-27.0686579863687,-26.1471880745941,-27.4547818255903,-26.6949131918162,2016-02-18
1,4.91223842220062,5.64478762069734,5.8673026680241,5.77141782784774,5.20908969896932,3.90091608596897,-10.7999340220468,-11.0738038182813,-7.65075866950296,-6.74986921412439,-6.54160763313157,-5.54927661834414,2016-02-19
1,10.2809988520267,11.0981145903579,11.7217326370102,12.0217766254588,11.879362851442,10.1943038205609,-125.414321193342,-124.711122109404,-123.599701972891,-122.575940392503,-121.917234394992,-119.319496543407,2016-02-20
1,7.56222569114063,8.42901504951529,8.98032870737249,9.29848495819925,8.88877951550711,5.92477662566333,-43.207254611942,-42.3796701427136,-39.1961822947567,-35.0626255744008,-26.5228576422235,-23.4574444431082,2016-02-21
1,7.36340336146454,7.84900173359171,8.23445428503332,8.34176157210643,8.16372569695029,6.99920544156201,54.6014728013868,55.8850277844678,57.3009415439489,58.2956990678043,58.8626545221828,49.8039108819352,2016-02-22
1,9.65727372545335,10.1653119284522,10.4956059043358,10.7689641213941,11.0519230375494,11.1348258158399,74.0985792950498,76.7416284817181,79.4965885483998,81.7461886445902,84.0243009263056,87.3497829741681,2016-02-23
1,12.8856053284753,13.1691950273224,14.2557448072994,15.5840578746161,16.2955775490617,17.0390983859186,6.38193056996774,-8.19578184143261,-17.7610723178696,-24.9405515040733,-23.8894461885426,-14.2605578431818,2016-02-24
1,15.4986886539835,16.528826970309,17.4560324124412,18.1438026663661,18.4848993030411,16.3218501066628,-102.187199082021,-105.247001732455,-114.737299774797,-120.71317997641,-118.767934030957,-108.775609951814,2016-02-25
1,8.81419561012614,9.92524016662604,10.7483541696381,10.4197829890196,9.16716551198728,5.47248090600077,-58.3782725680937,-58.620582749082,-59.0056649343283,-59.1499114589835,-58.6826064831584,-42.0901672421073,2016-02-26
1,4.33114120474706,5.02940914230628,5.40749652877312,5.25837210651487,4.34839583494183,2.99579166340702,-67.6179988504531,-66.2952887758349,-65.3591602985767,-65.1903975642592,-66.023298034631,-56.5834722241307,2016-02-27
1,9.4542876244364,10.2474728139242,10.9140000116439,11.2826313668214,10.7563512721271,7.75409201325918,-122.274266206203,-120.688439811336,-118.951055567,-117.640002915064,-115.944390069909,-106.275418995486,2016-02-28
1,12.8971608805905,14.0208802060948,15.0674126235037,16.1221371594475,16.0672314809283,18.8793854144243,-119.018734381287,-117.57323780881,-116.007664366651,-114.105897005371,-110.318454867955,-105.966846070334,2016-02-29
1,5.94019270807505,6.70120718291512,7.45425521893496,7.95475984397724,7.46139930585882,5.37159027587821,10.407336214547,14.0847152973485,16.0107407229902,17.7413345076484,18.8567279920373,28.2616452625147,2016-03-01
1,13.3134849593457,14.4269895863312,15.3790740830865,15.8941255788781,15.8445306760928,15.0721203646362,-63.3637366839691,-64.1009878462222,-65.5462170337858,-66.2173327465411,-67.3433373716253,-67.7388941056832,2016-03-02
1,4.07889409966241,4.67322453767104,5.30499363736318,5.08210996222613,3.86572337882973,2.87275751965353,-49.7653975727148,-48.5799849408147,-48.1381695463414,-52.4233547326352,-53.0440625045909,-10.4203674714303,2016-03-03
1,9.37310127541285,9.59233159799543,9.69078530412305,9.70665162390029,9.6990544012658,9.59882754847821,10.950857048685,11.1485404980894,10.8942858773713,11.4916724470979,12.8910121537448,13.5467361137544,2016-03-04
1,6.13703704114727,6.45877315085657,6.74630729602581,6.76948379674168,6.67146412233374,5.98707928344038,-17.4587048564511,-16.435279522269,-15.2492141175958,-14.8211678319337,-14.4707413107106,-14.9211869219109,2016-03-05
1,3.28070948711838,3.30490682402212,3.43617245044007,3.41585705863864,3.26608275125493,2.84426446615822,-16.761986107885,-17.1102008237375,-16.4925115760086,-15.6550034812679,-16.2058044078163,-16.9704004668789,2016-03-06
1,7.64933623032713,7.94669560279421,8.21259895587133,8.379339694051,8.44205382092131,8.09326157989946,-81.0557326456352,-81.171791109818,-82.8752413203981,-82.5944994164838,-81.5880538189411,-78.2755653931476,2016-03-07
1,6.38315626217578,7.03290335852558,7.80676794916184,8.34456423821411,8.5146921312602,6.22876678882822,-55.9655624881539,-52.0090648155197,-51.1900682864221,-51.7355046406343,-51.8596597141286,-54.2775364604043,2016-03-08
1,9.91599537464204,10.5141180560627,10.6230260430773,10.7176562596913,10.5958240764229,8.23936516591244,-124.828365768327,-122.280664370325,-117.876141214018,-116.553491916612,-115.807353611169,-114.862840878301,2016-03-09
1,11.5322528900537,12.0505173646079,12.3346296373562,12.5351273158248,12.5822899448816,12.0251012753226,-112.969316585285,-110.086239609365,-107.613042239436,-106.028254630521,-104.583136572794,-103.647471074131,2016-03-10
1,6.57699421435198,7.11359316801532,7.60616666684677,7.96159663824925,7.93095892092248,7.58040046109197,-53.5929195605466,-49.9873003507695,-47.4656724401253,-45.4400740687128,-44.8916059017837,-45.743106467109,2016-03-11
1,2.86857754208212,3.43287847190009,3.97148842688878,4.04586805619368,3.48196701480429,2.18330671248156,14.8258223163744,20.8329079881684,25.2846093784072,19.1817395814037,12.1043188654124,9.99742824620602,2016-03-12
1,4.650943867578,5.46533218055274,6.28741031078691,6.33301388703494,6.63931944496102,6.76315914983551,-14.0408061207676,-12.2877471002334,-11.4094062622673,-8.94842130197781,-7.15710183940586,-3.46660765192722,2016-03-13
1,13.6533466511965,14.4670347212972,14.8217094901515,14.9647922467937,15.1171823068846,16.2502135423047,71.7419033494481,73.5957401744525,75.8121625909918,77.4985925924401,79.6010983768878,83.8361695460258,2016-03-14
1,6.78492303701463,6.42427431159273,6.33074595256674,7.16315336186577,7.75274421858705,7.96426273655836,-13.0575416708632,-12.3743761523889,-10.7938547500442,-11.8562615686264,-8.0428460634433,-7.00306885468722,2016-03-15
1,5.25074652646979,5.44346874271278,5.37175809925629,6.04913078898633,5.12257755212762,4.64990798609469,17.8337517237362,21.9796365729855,4.42389525047753,2.54499421617413,-18.65837151669,-45.5282534752267,2016-03-16
1,5.92423958692217,5.9371765033066,5.90589931406529,5.88498553831811,5.40871702000464,4.33940508947087,1.73484258522167,2.38108620337245,4.81325405487825,6.35781134971659,10.3381938481433,13.3338084647091,2016-03-17
1,7.7517627356229,8.35603762088826,8.90824653670192,9.02375521245102,8.76268460990654,5.95968113498417,-76.3286012692805,-75.3354149324585,-74.2305202683254,-73.0774247601739,-71.8016932851738,-73.1832789454375,2016-03-18
1,5.19045949138322,5.77964872744564,5.98431365916902,5.82605034999023,5.37463657745798,3.83735416512216,24.1402824107406,23.4201423606909,26.1003275414006,25.6649971029641,24.2791591515392,22.3948396932275,2016-03-19
1,11.1753802133503,11.4334895817853,11.578637738501,11.6104814849932,11.503733798362,10.8442690980271,55.8967974417574,56.2344230294669,56.5049253448292,56.483833908527,56.2041284651694,55.0889866899213,2016-03-20
1,10.5763906262291,10.8840706018855,11.0543501149035,11.1063900448216,11.0578263892647,10.6112916673196,-20.9093483762176,-20.2420561373163,-19.99727199036,-19.9996197945493,-19.4926359949602,-20.0248964154563,2016-03-21
1,7.3182401613491,7.71825578917784,8.32041956160631,8.54418750512103,8.20300116055818,6.88389873371123,-93.3731122646508,-94.6241846387695,-93.0606429593872,-92.9502853094869,-90.6643564844794,-94.1786464219126,2016-03-22
1,11.9435462912641,12.6301545185016,13.052383104204,13.2279403950881,13.075410866787,12.6630619246761,-128.770505820822,-127.08109087635,-124.95270315391,-123.34450579917,-121.053042837514,-115.552227446062,2016-03-23
1,8.58194155750451,9.34116782037145,9.93132812444466,10.1701672522441,9.96198612341502,9.52004573053413,-85.8117349802123,-84.4153032513294,-83.7317673539674,-83.9080798613584,-86.4683090367141,-89.4101932865574,2016-03-24
1,13.3246527832829,14.3416852040203,15.4937002389216,16.5223634283438,17.1875862296736,17.5115538120222,-126.801362840511,-125.182335678935,-122.118271999227,-119.441103562194,-115.549280092683,-107.903497717038,2016-03-25
1,8.25884028914626,8.52232639676995,8.45050290269432,8.54707928755217,8.50077778586083,8.11416552346062,25.9637031289046,27.6136626260447,28.7083813687794,29.0221093669667,29.1583165559266,29.3850972229538,2016-03-26
1,8.05216031261064,8.26546991484033,8.34694618776441,8.56131250961511,8.73460648480389,8.66756365782133,75.8490630756043,76.7527175925838,77.8308275459872,78.9150422491851,80.4664467742708,84.9799942028964,2016-03-27
1,8.61252199480439,8.54219849856389,8.49377546661292,8.63382812735374,8.94627025801343,8.3794039359637,14.0612928193525,15.8699375046298,15.6587604101849,8.59044269839949,3.47400983060779,-0.203342597287976,2016-03-28
1,10.2291556746237,11.227105905226,11.9283327562169,11.7992025483565,10.8423061381832,7.91389410168571,-48.538347225722,-49.1620873876523,-49.7043668925873,-49.6798784666591,-48.3330387684316,-40.7098194296431,2016-03-29
1,5.68410937396878,5.95135300994135,6.39920254701128,6.36495428188083,5.73326157164544,4.18115856328824,-32.1465850620967,-32.6532175931826,-34.5737777598057,-33.4618501150645,-31.7129583310709,0.866978589562113,2016-03-30
1,13.5785405165233,14.9115451318246,16.3387575298769,17.7036012680497,18.8994461751205,20.5505896951589,-145.394780058243,-144.356443884108,-143.169940370012,-141.985237285296,-140.71539177771,-137.959344334337,2016-03-31
1,15.8051799788961,16.9574554448713,18.5459172422798,19.2094218795498,18.5011278937315,10.0368784642047,-144.287633652422,-143.299677643953,-141.299322344815,-122.095546885596,-56.1895717928145,-21.5338755991724,2016-04-01
1,6.97900868358634,7.33561979359602,7.67280034494129,7.89875578956799,7.84813078805158,7.50590567367695,-33.6415405119097,-33.3300897036668,-33.5276047535912,-35.3570885385803,-35.7657644641848,-32.4666319566244,2016-04-02
1,13.2861076402726,13.9738246539187,14.5207615775229,14.4084774345215,14.1072853048546,14.0806064781904,-73.3229693246329,-73.7978356607534,-73.9869942188925,-73.9239421381995,-73.5555185134651,-61.6748043999936,2016-04-03
1,8.95139583785785,9.62903125163642,10.2159918999687,10.5920144739932,10.6344861095737,10.023559615541,-57.8649606544722,-60.8966857543309,-63.5985729312284,-63.1667668099057,-67.7273877839963,-71.8850712037588,2016-04-04
1,9.26530208820693,9.8492158558011,10.2207019693538,10.1851516213421,9.50796643800275,7.40489583408098,15.0931458341477,15.259276040258,14.1539525469894,13.0468541682972,11.9231290517473,4.97075752333057,2016-04-05
1,4.97355208239423,5.33019849532775,5.58430150273696,5.50644791311162,4.92665624921667,3.70897511573845,-53.0463403004597,-49.7976070604844,-48.7062656123453,-48.6564363558406,-51.3346672341337,-35.5369120345287,2016-04-06
1,13.3339160929675,14.2966921411289,15.3196041652947,16.2129108777035,16.8957847254388,16.7138807892857,-129.371035892831,-130.59757291136,-140.463765663173,-144.166360535489,-141.063611122767,-124.466705444433,2016-04-07
1,9.28029976929685,9.96659259387085,10.483932873397,10.4740005791574,9.84220197219971,7.78936863668401,-83.875597223794,-83.29236401814,-83.1798558982655,-83.0190272064121,-82.8511550969989,-77.3185787068821,2016-04-08
1,6.14672743070284,6.43821180479429,6.62339467406135,6.60889872859232,6.35137847272438,5.8142916660611,31.4968426146645,33.6295451273147,36.0766886632736,34.0728605298249,33.4921082373749,29.4917262815727,2016-04-09
1,7.90381308373409,8.27593229463531,8.58864872903054,8.60634664423384,8.44017419300068,6.19770312439098,-67.5625341373684,-68.6670561368269,-66.8019450137713,-66.4898159753051,-62.8034594912541,-70.510065975386,2016-04-10
1,12.865005788919,13.4860248797194,14.0347280130894,14.4722245373439,14.7980821753266,15.0269444515253,-148.40646238433,-147.859673045035,-147.320064238619,-146.977795719659,-146.570589106613,-146.190815383946,2016-04-11
1,12.4047164291447,13.0123454798093,13.7646568221144,14.3152436277912,14.858016209325,14.7658888944232,-89.7267077477981,-93.015372705655,-94.8762951448057,-95.558289951405,-84.0330150504248,-70.1768813549448,2016-04-12
1,7.52994618657355,8.30477083926555,8.61367824710767,8.8253680619901,8.54284606649092,6.32434433213401,44.5656788242739,41.1112424751012,42.7525648131281,42.9050271975461,44.10162500446,41.2969797432469,2016-04-13
1,3.95091319095835,4.24020891642465,4.35580787355632,4.18915567232011,3.81477604193259,2.79492476590107,48.9626238399631,52.3968674623264,57.0568588017628,56.5049253337944,53.1745908588316,46.2262696832813,2016-04-14
1,5.04404919136729,5.20916608743646,5.33412558195216,5.34648437004674,5.21181134426483,4.5711984939411,60.4240480167336,62.9749450225411,64.9419427131613,65.0814126086787,63.5987164220435,61.8293298680694,2016-04-15
1,4.86595543935895,5.13953414272241,5.38201273322105,5.45909779857154,5.4096626140329,4.62698379760263,-1.5015283601299,-2.15867419062053,-2.86216029378698,-3.83077371436654,-4.96677083531067,-7.26898091590661,2016-04-16
1,7.05583681113975,7.4443304501899,7.91231771372371,7.98599248206726,7.85274999792239,7.14429341000893,52.5424045125988,59.5497633049334,64.5576984895241,65.6581406268698,64.372082751879,58.731541661714,2016-04-17
1,4.59683738870891,4.98654687530465,5.512769097047,5.48332002460819,5.1965648124574,4.26080960636062,-34.11124013962,-23.5905167746621,-9.51700636115003,25.7438877475711,11.7028211872208,7.710030672175,2016-04-18
1,6.59911864035452,7.28333853861869,7.90247049399134,8.31749247697337,8.48507060352894,7.51320255903872,-29.5380474535292,-17.5673605110052,-12.4306510743383,-12.246991358777,-12.8732198840418,-12.8803727110398,2016-04-19
1,5.56924595178691,6.23418981654259,6.7137019710548,7.0402054413214,6.67971238380285,4.74795949178817,-0.808196176959167,0.222475124554001,3.15279975033451,12.0941249938974,28.5356487245618,51.3227777881508,2016-04-20
1,8.08803240949909,8.81282176125381,9.52146759922858,10.1597748913478,10.4702193430894,10.5161753475045,-134.135889472387,-133.06002198833,-132.104568874748,-131.585572334219,-131.431932291366,-129.874504624429,2016-04-21
1,10.9286759296777,11.6678726818606,11.9973703676793,12.0109270779954,11.7263426016657,10.347133111893,-131.288840326468,-128.105314824581,-124.689713566392,-121.646709508234,-119.849912062574,-116.164355350512,2016-04-22
1,6.8045468785017,7.13709143728087,7.31387905361536,7.20825174351878,6.82188136580236,5.60240856597355,-46.9962881846108,-46.4279282378427,-44.6626145911308,-43.1671284808168,-41.1171776600434,-20.782715865641,2016-04-23
1,6.94976273254112,7.46457465064194,7.82984317501386,7.94038367952462,7.77498611191081,6.89678067221203,-9.88410358346611,-7.60848147851286,-6.66970427848925,-7.28386688663883,-7.80382521304078,-10.1506660852364,2016-04-24
1,8.49808101798925,9.02155266912171,9.48917419416209,9.86440046976562,9.93199653333536,9.15826447312755,-136.255700821258,-135.41630443467,-134.632971652349,-134.077822937965,-133.419199066339,-132.842858834532,2016-04-25
1,10.6129097304674,11.2800590352571,11.9507644680382,12.481215861089,12.6406325281135,11.213237273344,-109.493803244629,-106.578119793922,-104.200037019598,-101.809640620109,-99.5526892437089,-98.3565682755418,2016-04-26
1,8.0235694466276,8.25595370182836,8.42849536810346,8.36049421313598,7.86338541840393,7.23337500160491,66.4506388961496,66.7568605358016,66.6502737229069,66.1817349569996,64.1246255828827,60.4158466408926,2016-04-27
1,5.22158680931182,5.42450463633846,5.6241979223031,5.74898727533511,5.83660821985496,5.59536863959946,20.2769745449439,21.8567598360122,23.1825023117605,24.6744102983284,25.9034976870675,26.9515040487825,2016-04-28
1,9.70897858971247,9.96045602190826,10.0494288263498,10.0369676017209,10.0071770876867,9.83692939965261,56.1027777717511,56.3686197933886,56.8104004557265,57.1700688500537,57.6225023089956,58.4088026718299,2016-04-29
1,7.29070950037903,7.51005903883665,7.47268750834796,7.48117651265528,7.42074710928731,7.56222975333532,61.5206435091407,64.3287459539043,64.596220486716,64.4682031231898,64.8208026674721,64.2632210716936,2016-04-30
1,4.59220486237236,4.86168865491119,4.81415509298323,4.86400057668125,4.66391608513823,4.33166898110295,100.02711170868,104.575445029702,107.129195039173,108.516222201842,111.227774316072,111.035413199807,2016-05-01
1,4.693342015369,5.07466319623757,4.54817881969873,4.9207349570863,5.24018808216624,4.58950347320642,66.7547586837836,64.2593512618017,57.2373321745172,51.3542025371718,48.5384739463317,37.6006631986181,2016-05-02
1,7.57868461198424,6.88498785246509,7.27553935201123,7.44701909941733,8.07952778241977,7.88310880669255,58.2441874910826,54.1195677262096,52.3818981455789,50.6647060061929,52.5954959399317,53.7724536920952,2016-05-03
1,10.1003570644571,10.0217523156769,9.57472917097586,9.6411643563887,10.1863327536815,10.6524924776565,54.3101828596934,54.6869785957866,54.8924513858998,54.5285624888098,54.6729635440531,54.4296822911501,2016-05-04
1,11.7390422500725,12.1257934050096,12.3929594901314,12.4238414356775,12.2127899308227,11.3678761600565,45.9285989640598,46.11758332864,46.1792471094043,45.9812800867248,45.5600694428108,44.2478755788119,2016-05-05
1,10.5605196788576,10.7780925936455,10.9536313693784,11.0214461840537,10.9445758150463,10.4709496588619,25.563056713431,25.4902499876199,24.1561423695667,24.4988726733791,18.4932586872467,15.6379519668442,2016-05-06
1,4.28403356342128,4.27276678060647,4.4279565938419,4.50103124616185,4.28730729156458,3.38833391137412,110.366891783492,111.068909733229,112.416330457109,113.166197934018,107.169990152472,90.2984299990666,2016-05-07
1,6.77812326363391,7.22337789155094,7.65910532307095,7.82889410114701,7.48742650558862,5.66367187880816,-77.4609930444205,-83.3887401873536,-81.8697338060096,-81.3436898360208,-77.6587442256052,-68.3771510393523,2016-05-08
1,6.82735938105456,7.54776041718269,8.11437037720448,7.99853125406084,7.25615914333405,5.47627604146729,-94.9102071796965,-93.1607402027536,-92.8363026583636,-90.6359896018853,-88.3348316014254,-85.6813026806546,2016-05-09
1,5.26474710850183,5.41861920773983,5.80307233264325,5.90102545988091,5.74748264406497,4.8181655139138,23.9114178156184,23.7710086809695,20.9704629522344,22.2813645902019,20.8728998888537,15.373019099221,2016-05-10
1,1.85149131878521,2.01942071118478,2.1546903903672,2.21634953412201,2.13700520696093,1.8775891169515,-79.177150466642,-77.3313304341116,-70.9297957284116,-70.9785295332647,-71.2039803160449,-65.2102789527021,2016-05-11
1,2.73905439295133,2.84250751948743,2.88882117631535,2.82667244951482,2.67112441501822,2.21522048547743,-13.5884033803007,-16.7252199292565,-23.7366787963571,-20.6093773273081,-9.56536691346128,2.81761576019779,2016-05-12
1,6.05956134408298,6.28334143329826,6.5265283625297,6.61529687553092,6.66764525646965,6.55342476619683,-102.239411440514,-109.814749425694,-124.190437516239,-128.502288746481,-127.121803248812,-122.787071744292,2016-05-13
1,6.38782812787315,6.92726737570018,7.52750926323235,8.08306366324149,8.45544791622294,8.58752546441224,-69.8693778949592,-65.9294722086014,-61.3056035995098,-58.3365075084443,-53.7595653975973,-46.7993096086843,2016-05-14
1,9.63530787389863,10.0796805576594,10.4672748849982,10.5475729193042,10.2708668996211,8.88980266477231,-71.9469097250038,-71.7643414258074,-71.6998067101284,-71.7733755690522,-71.9317864529733,-65.2650694497426,2016-05-15
1,6.50145602140714,7.36384896391106,8.14624190210192,7.93900810209551,6.66712905717117,5.48716145508492,-59.6443929394031,-61.497740737691,-61.7456446641463,-61.3725636430637,-59.0158472153489,-8.96686342436699,2016-05-16
1,5.37072916886183,6.06566378180145,6.7222303266092,6.63603126054975,5.74350000602607,6.24080902862121,-64.728548614515,-63.8666585868692,-63.1573240908663,-63.0132204774464,-61.1634687447196,-35.8129756937022,2016-05-17
1,5.48985128221551,5.75383159775287,5.98542071959211,6.16955382214928,6.27047337786467,6.1029259264276,29.0051602974932,29.9764693300298,30.7950017355638,31.1979004629236,31.1484004610561,30.576597799015,2016-05-18
1,5.02985763601545,5.30223379554848,5.52387788711323,5.60931538516035,5.4369814841808,4.49579860552387,10.5572146949945,10.5954588961767,10.3819062459027,9.38922454002279,7.49414063734589,6.85181886179304,2016-05-19
1,5.69090450877117,6.32455670812892,6.72138079800815,6.74347511663205,6.43811517113061,4.81365566890868,8.88079108363565,11.1083466516105,15.0238553198763,18.0680011525236,19.5904247837294,21.1309039276631,2016-05-20
1,8.07200115869995,8.59206887767823,8.92548090476681,8.99978010200516,8.76332639528369,7.29899999876817,27.1892667782969,22.7017731359932,24.7535040554294,25.574256362915,16.6536817106053,20.9048460836322,2016-05-21
1,9.57363889728431,9.91225463353097,10.1671035927976,10.4285520882849,10.712231483901,10.9485086851291,34.5598478035845,35.7707349510667,36.8491099488007,37.859148726416,39.0286915416814,40.9873692086229,2016-05-22
1,5.6655399403402,6.15258565033131,6.51076678745587,6.42874248058268,5.74990220066272,3.81433738514143,49.4909971144223,53.6496660781537,56.8676944424378,58.2660873769479,58.901895261124,55.2218634278632,2016-05-23
1,5.371741322483,5.75483969784756,5.95654225018945,5.86453472182896,5.46807581236715,4.61454050795348,-79.8307766218929,-79.7360353140228,-79.3822951514464,-79.426960640564,-78.7751603123153,-72.297229747649,2016-05-24
1,7.6635746502076,8.01562268592141,8.36123611674265,8.51308391264191,8.52582177323324,8.37575463279806,-85.2353859903798,-82.4712569636788,-79.5475139030335,-76.9875833200178,-74.0365943271649,-69.3011076417427,2016-05-25
1,7.25592651076339,7.8641244319578,8.43879282254864,8.6850237326324,8.4743130889121,7.39790973007127,-119.140916090365,-118.28398846304,-118.279951977332,-119.381711800849,-120.853534692923,-123.170758146754,2016-05-26
1,11.0965422533728,12.0505497676465,12.88709954514,13.4732523071821,13.8659803561094,14.0629826291016,-138.518428258189,-136.377590839775,-133.740170716974,-131.152447359429,-129.096701408271,-127.002836268522,2016-05-27
1,11.4870405083453,12.4353946824206,13.2682181833243,13.6418645976815,13.7393136437292,12.1941255906158,-137.048417256143,-135.383960108845,-134.101423018641,-133.389173633611,-132.882126173046,-118.744976853441,2016-05-28
1,5.86395602582549,6.46671643884292,6.9173530076251,6.93530498010624,6.3291823022666,4.8640075234742,-143.107332194293,-143.381843175535,-147.821210638859,-148.87865854069,-128.996347233311,-98.8731475790342,2016-05-29
1,9.01324421420141,9.69356076191636,9.75300232057623,9.31731077330014,8.40651100125931,7.29612211492508,-137.629053235893,-131.469524331358,-122.369675926279,-110.804359955832,-100.990189248257,-82.1469600911714,2016-05-30
1,3.21665798501017,3.37732291688854,3.20521527472232,2.97425404873685,2.65978819242058,2.0379097188127,-96.7833657446635,-86.6091678467717,-84.4672326389936,-69.2223738799235,-49.7047737206348,-22.9536377471163,2016-05-31
1,4.42233680253504,4.86380207880917,5.15777199570779,5.01262326380428,4.76380671357391,4.13273495170943,-20.7795196999189,-18.7578142440758,-16.9597888074727,-15.8294160936091,-14.8564988458271,-6.94233796380184,2016-06-01
1,5.54968171509181,5.60956597317536,5.99958217734023,6.35988079720625,6.44439062719233,5.20108391386509,58.320196193805,59.8009519698498,62.9578634095302,64.4921012655232,65.7034959517143,59.586942130911,2016-06-02
1,3.95001909540259,3.92837268413605,4.1296093719281,4.21208390852471,4.17525462911688,2.93462094619577,82.6088512741178,83.1159560087503,84.5276938573651,86.870950243738,88.3983617064026,79.1071047530306,2016-06-03
1,3.14661573978969,4.04259548542547,3.61697453459958,3.192640045742,2.93504050277605,2.50433564299467,-94.4746012743193,-90.4629276646412,-83.0450086866367,-89.2932349590494,-89.1091360191638,-83.1313530295172,2016-06-04
1,7.95341377318733,8.8171273111759,9.22441030106335,9.49695081006348,9.68991030223142,8.56388889048024,-87.5147829897978,-105.077653354936,-89.7781527763164,-110.959173034474,-127.341778354071,-126.299750026862,2016-06-05
1,7.55735764224772,7.85539005920981,8.08030208474094,8.13711979880308,8.04757465551901,7.30503530473586,-109.54022454796,-106.680194428497,-103.948543991557,-101.612633084191,-99.2590555723508,-95.8872557876728,2016-06-06
1,8.28405382669634,8.7086139929474,8.96400463390595,9.01355207402578,8.89789758351148,8.31686515806519,-113.301745954949,-110.827361107781,-108.681424785124,-106.547323524214,-104.576184630861,-101.489012174175,2016-06-07
1,9.0365399337146,9.4879600737575,9.95644907870502,10.1538072954532,10.2367870437989,9.31988599720239,-60.1122314839562,-58.9391782385994,-57.9606631940272,-57.2145491996242,-56.5603269612017,-56.2336678312905,2016-06-08
1,8.11952083818063,8.96689062541282,9.51626794667708,9.47631539642811,9.04267477212129,6.32876852138727,-55.5085810215606,-55.8995295107585,-55.3453200153068,-54.0827627305631,-53.6102401604034,-50.9265509195032,2016-06-09
1,5.82049768800977,6.45262905557709,6.86345139357261,7.03951968242173,6.81491956549386,4.78241087872466,-30.5651892304535,-30.4694432858794,-28.7248830959976,-29.3050694429555,-30.6150700187531,-31.5073443328698,2016-06-10
1,9.71747453199217,10.4693096106361,10.6901822952843,10.4680891218561,9.64887789281982,7.80984317099753,-115.459257495403,-113.421725700078,-110.718733203102,-107.43837095009,-104.23383970871,-88.9086284785074,2016-06-11
1,11.6486522067697,12.3682905120375,13.021320599301,13.2489994201174,12.9246487234036,12.0325856495414,-74.10761169087,-73.5917893450348,-73.2371348235122,-72.7667604144856,-71.8408767405428,-69.170208915458,2016-06-12
1,6.87916493459087,7.24924537777073,7.51810648947402,7.37671701812841,7.06546123067262,5.50498437942782,-42.4630179314251,-40.5749317134527,-38.8427372590468,-38.4401429365862,-39.2719699055259,-36.686595498193,2016-06-13
1,5.87073900621384,6.0856099560367,6.30519213591806,6.27973785219507,6.04962384423965,4.71236284629381,-52.3187083267588,-49.7790763794875,-47.2110295211809,-45.6063570598006,-44.3237175875737,-43.9738668991505,2016-06-14
1,6.16277720038814,6.58747916728672,6.98112962436621,7.03933043580916,6.68060706338949,5.21828646175839,-109.02256426873,-106.245201380474,-103.425434040317,-100.772173643642,-99.074223399383,-98.0303587977312,2016-06-15
1,5.91434548751822,6.24726446460889,6.5822008111766,6.59378935646309,6.50060186052229,5.84403067009489,67.1041869113898,54.6634056717157,51.4917569514778,47.5439913092498,46.567544570786,42.6354664291607,2016-06-16
1,5.48391840650114,5.84139294550651,6.19267998524562,6.34176504970977,6.11928067128829,4.93820948971254,75.1040329863407,77.3919635338916,79.6018362183262,81.2655248861843,82.1924838002523,82.1367037057697,2016-06-17
1,4.37305903386049,4.55644675866735,4.72000289807441,4.6570978060751,4.36193517976199,3.4266718766978,15.0752170016258,15.8290711687229,16.5452164486492,22.5893055574541,28.0429056791685,28.0835567250598,2016-06-18
1,6.53990857133711,6.95928067495702,7.37347511786278,7.56604225974944,7.28067882666433,6.02409432231414,-112.502775465294,-114.195899310598,-115.293832747892,-114.022204269701,-111.812549201338,-107.262846644366,2016-06-19
1,6.43883275213065,6.65653299525932,6.74315277626186,6.68184780285254,6.32722164226144,5.43257522941429,-84.1067511648853,-81.8954259275235,-80.3954693272193,-77.6814073838301,-70.1709178370694,-68.1852997752289,2016-06-20
1,10.1553721158924,10.4816064876014,10.7148067118559,10.9041730400934,10.783725698356,10.0852274298988,-116.216475137031,-113.888886008086,-111.429184025614,-109.387939804351,-107.37215393062,-103.056296887928,2016-06-21
1,8.01948322108084,8.20598958488416,8.41756191990718,8.64564005620226,8.56014525646137,8.08232350492522,-81.4873651556395,-80.6446076331646,-79.9834432843893,-80.0329901624609,-79.8195734884783,-77.5578385473967,2016-06-22
1,5.98938137021123,6.3786701437317,6.67687789715137,6.77570833563115,6.64341840960862,5.96014062872363,-104.460230904815,-100.782626715563,-97.6602338178132,-95.4298796374287,-93.2079426842638,-90.3866278906884,2016-06-23
1,5.9146140111249,5.92323784730078,5.92625521139673,5.84148958767799,5.76768692896063,5.53199074168207,34.8582025384843,31.9174808991017,30.494262730648,34.1260300929611,40.5157957194981,48.388904507775,2016-06-24
1,7.04663888949763,7.25877489644896,7.33668981743632,7.59749016704383,7.89592245432514,7.25065856851361,56.2287511516721,57.2059837927642,58.2871296255456,58.1551325169537,59.4409513966905,61.9913802025053,2016-06-25
1,2.92270254385813,3.08648610876114,2.843719905597,2.99018749679861,2.86698032279637,1.87781134251014,65.0268651729295,60.4955347517604,40.1079942179958,42.468017953003,70.5424334702354,74.6766898156813,2016-06-26
1,5.37790856089581,5.83208332822279,6.13729629844703,6.18643345357367,6.18940856154594,6.31843055713715,-149.775001124541,-150.070251738848,-149.123722222999,-150.35074825437,-150.396831624949,-147.39248322743,2016-06-27
1,7.82080787675826,8.20487616158962,8.56397628003516,8.91808796868366,9.03271354672646,8.93642130547936,-102.15537906527,-111.876473943392,-115.573931160326,-118.251788200405,-117.813932844091,-106.567913182789,2016-06-28
1,5.33225983820442,5.29003703615111,5.2247934035236,5.19418286867388,5.2096545130894,4.6983912089555,-88.4160248834566,-87.4632881846834,-93.9361215160125,-93.0050757949588,-88.8425410897395,-86.1659114665167,2016-06-29
1,5.49412383843903,6.09709317495563,6.56264815606039,6.82665799387351,6.6896718743478,4.83437441789235,-60.6504295224414,-60.8196117417598,-57.6877105898729,-55.7496754089577,-49.5407065075714,-49.7230178958391,2016-06-30
1,7.54381076456013,7.73803126008828,8.07714236696941,8.19828473314384,8.34899827490086,8.01292419198366,-104.151354753451,-109.204514472649,-124.52225813593,-134.245425348128,-140.915942121737,-141.22939646498,2016-07-01
1,5.60557581478428,5.96711227196881,6.21900463551438,6.23190683381899,6.01754513950587,5.18524653094096,-63.2131846153902,-64.2964658716979,-64.3388975659895,-63.7416394665886,-62.951922455724,-62.3662523267018,2016-07-02
1,3.86143460404844,4.12743229028441,4.29821064665465,4.31334259041982,4.04795948962767,3.30566666422317,-83.5417800901714,-82.3138315984436,-81.3048703656726,-78.6645358797502,-74.1459791797274,-60.8907436571044,2016-07-03
1,4.98545833277137,5.2528611182587,5.48514178439147,5.61113889486839,5.55573032985959,4.8455190985705,-122.827173604215,-121.483803812707,-120.210788772327,-119.299435171595,-118.469035911295,-118.217728582179,2016-07-04
1,7.79142188136837,8.14721238515633,8.40383854486954,8.61536111455531,8.62642129991738,8.51821180987379,-93.3521984914387,-90.0665405057978,-87.41878994094,-85.9799120491909,-84.7779380784215,-82.0990451564713,2016-07-05
1,5.18357465183449,5.36902083731532,5.44574190699435,5.40796411941794,5.1946961779175,4.67902603898266,-78.7852986081056,-75.1031284911442,-81.5884467661775,-86.4659791721653,-84.1286429391025,-76.6721082307801,2016-07-06
1,6.4368454910594,6.74072338537761,7.01995255212265,7.21054688044858,7.2598877327696,6.82161458740356,-115.275314828908,-111.432358827282,-108.15870545246,-105.960068288909,-103.908888883414,-100.888896436934,2016-07-07
1,5.21610300947395,5.47269734142969,5.71274942778327,5.88824190747407,5.94034607247898,5.69728588617786,9.54316262527145,11.9297043014665,14.781647011722,17.476050920883,20.4733119348248,26.1598975696722,2016-07-08
1,5.61441724818002,5.81218518779285,5.76081481633328,5.67833391181909,5.7637586816252,5.75371932953079,105.844380794878,110.55578760869,112.343714089349,113.181840872588,113.868620392228,112.59779514682,2016-07-09
1,5.49750289562572,5.86924363540813,5.89754282878056,5.97862558309575,5.91502083531236,5.4148559033643,-62.045777774996,-59.4314594884839,-56.8783599523371,-56.0899328758305,-58.2785758045812,-56.2126591263634,2016-07-10
1,5.14275578399637,5.58211806122628,5.56021817372629,5.6077777769182,5.58554398641542,4.45764814333576,39.9139537094433,35.538695021053,40.8146539238551,41.2331603075342,41.1546516338627,29.8086921257849,2016-07-11
1,3.94879166440969,4.30881944251695,4.2967372658559,4.27776272898057,4.14177372301618,2.87940971877288,59.987875000106,15.8766024169215,61.9493431731507,61.8646382884626,51.2991290599329,51.989727421425,2016-07-12
1,6.52237731877576,6.91263195676936,7.01097165466459,7.13875347357657,7.1694126203877,6.15121006477486,114.753835066204,116.73043636662,116.743789937408,117.735481492104,119.699265643888,119.092561938763,2016-07-13
1,7.76455092682641,7.95414525937263,7.95980440487861,8.08077720320197,8.13210243702909,7.98535128079372,123.15917997241,119.949252344767,118.193697906688,114.654251716402,111.700144685728,105.793489001327,2016-07-14
1,6.85407002398537,7.29745833275771,7.44305903460417,7.45431366770908,7.51228182966234,7.26530960938859,2.31620253665994,6.37310186796908,17.6482847454512,9.1695179199586,6.04485186547127,-0.421089135597253,2016-07-15
1,4.44394331016198,4.90402319371148,5.01018400770371,4.99404863272828,5.08743057574387,5.01334660013931,86.0825902870187,90.7246837197851,92.1768191593885,92.5984945049551,93.4730014482692,92.7272595436926,2016-07-16
1,1.6616516205089,1.74445254652588,1.81623148189651,1.84482754789845,1.81469213131677,1.60997742804664,29.8509976913311,30.2031880837017,30.5752494145764,30.998597796184,31.571669568574,32.603340273345,2016-07-20
1,3.73156134332185,3.97819039731269,4.14446991110988,4.16887673659543,4.09420659635854,3.83462962994111,13.3292106364585,11.9409646772335,9.72228531440271,6.04360299300402,1.2158778819672,-18.0543906277654,2016-07-21
1,10.1196701476199,10.6845439843282,11.0208657367031,11.0597355352397,10.9309918974064,10.561670144686,-132.238089132132,-130.561163214578,-128.7265717668,-127.480811362178,-126.455223392116,-124.589863459799,2016-07-22
1,9.44931886034983,9.8465983848936,10.2390671393717,10.4970596015702,10.5378333407061,10.3589710715303,-89.1622517546192,-87.8761307846333,-86.5864942349701,-85.2906151690286,-84.0707447956956,-81.4138906182194,2016-07-23
1,5.46773437213843,5.5863501264762,5.71570370904549,5.70872048084935,5.56147858818648,4.93271816618051,3.18499364588151,6.04989293045683,8.3897870412456,10.8243657388934,13.2293744203147,16.8924594994051,2016-07-24
1,8.68180614491028,8.78529572280469,8.80171701436793,8.36920024319103,8.6805162153738,7.58228068073315,-98.0852268566997,-96.9181435255801,-95.0087436376229,-92.5920254547688,-92.6050075356878,-88.2049479305213,2016-07-25
1,5.66613252275365,5.7563298618828,5.69073900668226,5.68343518838959,5.54589467529061,5.0075271975162,-114.802992491148,-114.939560207967,-112.89924768992,-107.4893738484,-104.424437516685,-77.6289259425026,2016-07-26
1,4.17074074459702,4.39418287654951,4.51916550533699,4.60338888629814,4.51768982187181,4.04256886877128,-68.7773692240845,-67.2173234941758,-61.1178362275807,-55.4636157374373,-49.9185538200687,-37.9677650404902,2016-07-27
1,3.18963657238892,3.34327777395922,3.43804687287641,3.47123321028366,3.41075000092655,3.11400635816571,-56.7111504651812,-53.4710642538471,-45.0639716363405,-43.803839700591,-41.230896405053,-26.2231325261245,2016-07-28
1,6.03808448921001,6.23678008874361,6.26025231848333,6.23810937254569,5.88542072345787,5.08728761570338,-91.9194565941766,-91.3062280136795,-90.4302424715871,-87.5827251146989,-86.258625030873,-82.6254710929498,2016-07-29
1,4.78920891388423,4.98534779953874,5.1251984915496,5.15001966277482,5.02745601627838,4.27940914373776,-39.607469919346,-46.6825810557383,-50.3193026700726,-51.6129588927163,-53.3412135402362,-57.4068020787062,2016-07-30
1,5.56000463699008,5.71885474744934,5.80570139104337,5.83569503099649,5.78194792421742,5.52974479453647,50.1006220784011,47.2746498917098,45.9894340238434,40.6829288277803,32.9891712968438,20.4271637762034,2016-07-31
1,6.06739641872304,6.19061921556075,6.27456597744884,6.34390857016426,6.34296585869389,6.15030324907465,56.8843622692316,55.5859218725817,54.8760659655827,54.2266238342195,53.3598935207418,50.7161151476109,2016-08-01
1,6.80728761495815,6.9494838044682,7.06759838358672,7.12980903291868,7.06993172009786,6.75017361372709,76.6271597065307,77.1938512723534,77.825317132782,78.2094727953275,78.4592389923113,78.7556284745976,2016-08-02
1,6.65230208798139,6.91076678463154,7.04969329328725,7.04792998270304,6.84151562945158,6.14152546538799,77.9357471096736,78.3700463001375,78.6546759237404,78.5979004585081,78.3002910811371,77.5383304406095,2016-08-03
1,4.21361573802238,4.54085821593525,4.66105844549007,4.64294386350998,4.43360069183564,3.74723379092084,86.5942141188516,87.0417708304635,87.4266458456605,87.1744045089351,86.3966857511909,85.4278246494797,2016-08-04
1,2.09312036723131,2.51970775331043,2.66798842359145,2.57581365676717,2.22907060086313,1.57102372570757,27.0288333384168,44.9751764980322,48.7475364604977,46.6187852895839,41.2103975789389,26.8603559066028,2016-08-05
1,7.80026678881711,8.1357337955827,8.25955556948428,8.19931772320807,7.94120834118928,7.17410649301044,66.6504282321091,68.2360370323172,69.6122702498127,70.484732637393,71.225284732536,71.5542436262696,2016-08-06
1,4.73228992757784,4.98396643571944,5.22674479665295,5.36487558433467,5.36903183379305,4.96129571497147,73.8044560259585,76.3002835591105,77.1961956025362,76.962405100195,75.2510729259239,70.4234490815181,2016-08-07
1,3.00443286881679,3.08205902317056,3.15937846855778,3.11616839963253,3.02135648012713,2.34591492761202,48.3914091524506,49.5927789374794,49.9855312470644,48.984494208965,46.791333919735,38.7868819453784,2016-08-08
1,2.8540480298085,2.99437615613401,3.07133391263032,3.01047048466099,2.83693460598631,2.44341029738016,83.5654415692886,79.065281823432,73.2869884517016,68.5536741886129,61.0020347209019,49.6810752331265,2016-08-09
1,8.56536574663939,8.94431945626383,9.30361748277865,9.6040393676388,9.81804862346362,9.69555729454866,87.2129948002762,87.7038547524258,88.2260196735241,88.6637540552793,89.1465902722765,89.8860272024296,2016-08-10
1,9.84910648878526,10.312923034562,10.671649896348,10.7965972323495,10.4118964149775,8.60327025262846,78.120303823683,79.5586614495737,81.5105352908594,83.4531655172507,84.3209849750113,83.631820607362,2016-08-11
1,10.370213544584,10.8366979262992,11.047791667393,10.2512048689076,9.24904456750386,9.546232075739,79.5880549573457,81.4076794022984,83.8329207229173,86.1855312681391,85.5111533698219,68.4239103091536,2016-08-12
1,9.70488832462165,10.1960017435363,10.4538483972296,9.64593576563048,8.21118518535677,9.47379108171669,-103.029080458879,-100.559722217586,-98.2285630651315,-100.292322336175,-90.6541116784789,-78.4362668009158,2016-08-13
1,9.02033796567056,9.5265306760757,9.95179224304855,9.85291667102664,8.98855208993234,6.15254571653213,-112.949258112642,-110.392679973046,-107.856185192841,-105.577225133446,-102.66854802593,-98.2611579676911,2016-08-14
1,4.66338194841778,4.98804050795691,5.26974884687681,5.29398842746806,4.98186747792004,3.7462158525254,17.3224213081971,17.1292100679266,17.2738136686041,17.4925086820661,18.3967326192581,20.1978616916854,2016-08-15
1,6.49146470056674,6.897406246985,7.25299883851643,7.4618281227164,7.47910590848092,6.82289524781854,-116.627218715482,-119.532021984303,-121.966186923892,-124.632732041555,-126.228178832862,-114.472256948771,2016-08-16
1,9.5518234978837,10.1206875016126,10.6462430586224,10.9856221159906,11.1662563751114,10.9047951446253,-98.6390017326011,-97.4836388855069,-96.5961296285302,-95.9494479193069,-95.6994079801771,-94.6781776717636,2016-08-17
1,3.19621180412222,3.31116145174614,3.42863888240092,3.49335184880325,3.57885358584605,3.57356712508921,-29.5873229101292,-39.173815375723,-43.6485225747128,-46.8054224474183,-53.23010821615,-52.9722760267319,2016-08-18
1,2.87328529906011,2.99613078485278,3.09887673210517,3.15394270416116,3.1524814787031,3.10089640970859,19.1727048644685,16.3609305598943,15.9562187385672,9.49651388594424,7.76082986319852,-6.31686922565792,2016-08-19
1,2.86263541663902,3.12301330683322,3.39849883762904,3.61167187183052,3.71866782226013,3.67544096961686,62.3774288191158,60.32034258725,58.3169577527983,56.3405462996746,54.0718217601292,50.7291730359711,2016-08-20
1,4.96011458312886,5.25137210789378,5.51762384285736,5.6493894697292,5.66945138493027,5.46514004175301,88.0755619294114,87.1059045111029,86.4749207209879,85.6694085607485,83.2041383183003,62.4190902806653,2016-08-21
1,6.93763021488708,7.21211401113205,7.45259664903084,7.53860590942411,7.63785069999423,7.04795139242059,44.097472800827,44.8801446709897,45.5117395805827,45.7098240700551,44.6804346045986,43.7326753454235,2016-08-22
1,4.65182176004612,4.99364062745193,5.27680498046456,5.24149248010996,4.83593808230841,3.57672568939868,36.3649675944165,37.3786180596554,38.8025989538108,40.2466261468354,40.6416232624852,38.2862968574619,2016-08-23
1,4.28058969775836,4.49172858766522,4.6691093737025,4.66200984032342,4.40849999506716,3.70874131779428,45.1777361144871,45.8981574128057,46.7506215165417,47.0467725622268,46.3878512736162,45.8008877276905,2016-08-24
1,6.91961053907319,7.31584548351941,7.67915509352254,7.89656076193408,7.91670370770825,7.40173784880726,24.5259826357218,25.02478587837,25.5559282378539,25.851683447243,25.7583130744155,25.2461869248418,2016-08-25
1,7.38938542136267,7.67173611665352,7.97794617873892,8.24875521077326,8.41703993520251,8.26957291753618,49.7681452563736,56.766946192152,60.9606388894275,63.8036400389451,66.2343414342293,72.6705410927203,2016-08-26
1,7.11339352414779,7.66553242157619,8.17746701934237,8.48590163562378,8.53075867850471,8.27856598225733,49.1516510452366,51.4621689714487,53.6177586800633,55.6992227955107,57.231015040742,59.6720590328949,2016-08-27
1,4.92534085496708,5.1631145795959,5.37579571381211,5.49979513558249,5.52224768400192,5.31778008683688,27.4343466420841,29.1783680460243,30.9233576381988,32.1842141159757,32.8606857625578,33.2577314805134,2016-08-28
1,4.36715567048984,4.4788072949503,4.54924189756038,4.50223842217277,4.33862847012709,3.74911920867067,57.1929236031018,56.2455318329049,55.6920856468642,55.5023188681376,55.0552123767634,54.9286446668447,2016-08-29
1,5.37087963238764,5.5461475733609,5.6972540543325,5.78741319607598,5.77414525819382,5.54416608939223,43.5688136559626,45.447448500924,47.3269994196245,48.8480717524108,49.9689438754846,53.289033562427,2016-08-30
1,3.92109895825041,4.1277662030642,4.30217997095996,4.36062615498831,4.27314351892513,3.92996295872593,81.0489160733115,81.1929658567019,81.3447031206845,81.2680572939907,80.374956610156,78.9781921319406,2016-08-31
1,4.02456191781822,4.17422222292697,4.29004976906124,4.32527720059958,4.27891667008046,4.04845659489752,47.2889334631133,48.8695289313868,49.5866105380527,48.6425150504225,46.7176527771641,40.0617337968286,2016-09-01
1,7.13412211821311,7.49187790326774,7.75112384652788,7.82222569602645,7.63530902954577,6.68684954542529,39.4356295602812,39.9978044001215,40.4865664139167,40.6194740884486,40.6587958492219,39.6675341406308,2016-09-02
1,13.3797135429553,13.7392280099017,14.0030544005555,14.0886828737099,13.9410023168971,12.7655138901538,47.3368391267459,47.472799200526,47.5409212999653,47.4008993050566,47.3200156309759,46.4439380741689,2016-09-03
1,11.3330312509393,11.7235173629942,11.9819861092225,12.017280670272,11.7939299791168,10.607060768171,30.1723454864046,30.8678506894491,31.5246539333005,31.8178940933715,31.8171764969462,31.7768998801846,2016-09-04
1,7.10303299317481,7.56770139406677,7.949200812374,7.90943576586467,7.4304641255626,6.16425347556326,9.99894849677294,12.1635769636859,14.2727343765706,14.4329357593581,12.9275584456112,8.83849653424609,2016-09-05
1,9.43225231558378,10.0823217649427,10.5854178276051,10.5831956042846,10.0205121590107,8.13775521384,-11.4586400496867,-11.0537494429144,-8.7225474521867,-9.08674883105939,-10.9866099426317,-17.2406979153735,2016-09-06
1,8.2113906272418,8.46625463512209,8.72900694565089,8.93453761868317,8.99288252313656,8.76805439795333,4.94242708371814,5.8169230371937,6.9468084516622,7.34809491529233,7.6719311342278,7.35131829904349,2016-09-07
1,4.65598263793349,4.68646991029175,4.70018287780453,4.62542187773364,4.45013310438229,4.07321470403147,-43.8216585750933,-41.678927118999,-40.2100225904694,-38.5036967859886,-34.5449195664459,-24.1505584565357,2016-09-08
1,7.69036053566193,7.87087674433434,8.03347975287173,8.1662679543291,8.20569097729745,8.1248512658808,-110.472668423918,-107.476260448253,-104.73758795491,-102.91534317255,-100.989394690416,-95.9833449135224,2016-09-09
1,9.47047048666411,9.87286343827844,10.241224540908,10.5060306756143,10.5761400492655,10.1974247794184,-134.743962391924,-132.407133664908,-129.644107082508,-127.05069154969,-124.60529108595,-120.454458364999,2016-09-10
1,8.67427488330251,9.10245312526175,9.41651273622212,9.30872337926507,8.56405440306782,7.37760011771245,-85.4063773051407,-84.4573136406642,-83.2414519883034,-82.6647765976751,-85.0340549573865,-91.7563194406622,2016-09-11
1,6.07680382675802,6.25883507269952,6.41919097678529,6.51291377751226,6.34246991266048,5.60820370723217,72.3201423655181,73.0362152810938,75.5096903932939,75.5767013992104,74.9783275384953,73.0014074096267,2016-09-12
1,4.13436284561262,4.24614525470055,4.2983981466928,4.29863772733827,4.06391203222175,3.52590740291057,41.2649820622691,38.640065412124,36.75171991388,30.5923929629502,39.8246938713392,56.3429241770285,2016-09-13
1,6.7960266205834,7.05225926296579,7.16403588627224,7.04546297176017,6.38958854146026,4.77763425946788,93.1309357618402,82.3667610030704,69.923266783732,58.44887789011,66.0791597192376,85.905613455066,2016-09-14
1,8.86664004916394,9.31035416904699,9.65857754732724,9.56566203850839,9.01645660128582,7.80261516211416,-3.97979396126888,-14.2588755958169,-20.5719687217253,-19.2424161088908,-9.24365916481725,20.2251834437803,2016-09-15
1,5.53720659753791,5.9007228012107,6.2039809035427,6.06478877438439,5.47306423450234,4.36150289299027,91.7697702393708,92.754176508983,92.2478316072181,91.9028616843842,90.834761559312,86.4757164368452,2016-09-16
1,3.23635879492318,3.29874826192925,3.31060069230972,3.30962152625193,3.10676215113555,2.98551851569537,102.94636804883,103.146364580451,103.543150472718,103.529042252562,102.134960076293,99.7993015133674,2016-09-17
1,6.89900289792981,7.34947165474296,7.88608912565366,7.89349826096109,7.64364989090409,9.44079686480747,-69.6094525542083,-67.7348269736325,-65.3079375641434,-65.4870682966709,-63.0647962837528,-49.272519703684,2016-09-18
1,8.02012154669673,8.42782640030539,8.86970601953566,9.11940393723341,9.13624941911281,8.65910475219876,-56.071624407118,-54.4735723370759,-52.8984699237943,-51.505364000062,-50.0058541649608,-49.5468067238114,2016-09-19
1,5.58028588008274,5.797920137005,5.723920138688,5.8512141265458,5.75889410050931,5.29678645667517,57.5104913146599,57.7256030075044,57.9809646979225,58.1387013880881,58.049673607555,55.757585077621,2016-09-20
1,5.9138518544728,6.07360301760888,6.19587269319704,6.33280498058156,6.31731482536704,5.77658449472187,45.3984722187011,45.6148755769376,45.8167633112465,45.8713559007093,45.6109999929313,42.8571423631538,2016-09-21
1,7.3863223485897,7.58078936714265,7.59855961695589,7.69990105837584,7.66486054969331,7.06855440001245,44.9765127316228,45.59562673561,46.1883640030358,46.8375376189859,47.4033518570551,47.7546111181378,2016-09-22
1,4.34570890943321,4.41630381849586,4.46403009163216,4.45507928009938,4.34646411521757,3.96000289431161,32.6925017362454,33.9651331068042,36.5876880847,37.6510758067184,39.8978570586159,43.4303454768194,2016-09-23
1,8.16971528228234,8.37591319671798,8.47688773119063,8.64425174062175,8.69635822462125,8.31820949252729,48.3412841510166,48.8368321699346,48.9186938621818,49.8707887757522,51.1724016249701,51.713332159212,2016-09-24
1,4.20738541675525,4.46610532895765,4.44292882291773,4.54017245412132,4.39269328897345,3.72372974439188,41.1498286997556,41.9447974555671,41.3096313644913,42.6358026601734,44.5343020897213,32.0371869190441,2016-09-25
1,4.08637731532118,4.49744213021878,4.46147222185111,4.53669212837772,4.09068287020135,3.29884953550313,40.7176695542229,41.605272565258,39.3563096026205,41.9517690883848,37.8515098343241,32.3713628403747,2016-09-26
1,6.82662963065388,6.99132060373857,7.12056423602488,7.15646123133979,7.09731770833523,6.67907696567898,52.7326319390004,53.2261643492781,53.4162465199135,53.2591076419885,52.4277627139619,50.4681828600987,2016-09-27
1,8.02448611465654,8.12714815272794,8.24585822079262,8.26119039961128,8.17190683090732,7.7130098425459,-73.7995156427284,-74.1244305510516,-73.1600891129127,-71.6575752371202,-69.1601290599361,-59.600984935309,2016-09-28
1,16.8248234996641,17.0637974508493,17.2764415510164,17.3854560162403,17.4259097248537,17.1753709526194,-95.697735543251,-95.5527980301998,-95.4417644693233,-95.4373917730208,-95.4792552161658,-95.5553368045666,2016-09-29
1,17.7979942165812,18.0265017356089,18.2305208328366,18.3563414357216,18.4622256996786,18.5881001185157,-99.7309670144099,-99.6180688655376,-99.3818715275658,-99.2097893643379,-99.0039299703969,-98.5275428234206,2016-09-30
1,12.0906087951031,12.1895937511877,12.3070364549811,12.0894988433851,12.0948420136615,12.5472274304706,-101.977079291741,-101.891653940633,-101.650089689891,-101.481786447984,-101.233538779109,-100.749394674699,2016-10-01
1,6.65766262102665,6.03269907643398,6.28379109098404,6.54445139201013,6.97224364097196,7.15019734482108,-107.09626389318,-105.897243628254,-105.959090287156,-105.278633101649,-104.622153934638,-102.816448490266,2016-10-02
1,3.12172048256146,3.20663830843271,3.16858796245988,3.07836400071469,2.93049536723945,2.52361747353389,-95.2324369189916,-95.0758553316913,-95.1757453758849,-95.4139809043319,-91.2123136542025,-81.7739583354755,2016-10-03
1,7.92786632317662,7.98030845155646,8.11714004496311,8.1207586810718,7.99893171286021,7.43433102030876,-78.9553489607106,-78.6716701315917,-78.3538952546255,-78.6897291727223,-78.6561168967729,-77.1376927105938,2016-10-04
1,9.77541030491392,10.0087951430899,10.1493420143591,9.84900984150392,9.20505382153309,8.34193750306412,-102.979713538973,-102.542269099377,-102.457421298027,-103.045861115235,-104.509932294333,-107.035789938061,2016-10-05
1,6.50226157860072,6.64215857753047,6.7178929515928,6.53676679291107,6.31350926866893,7.50451273314068,-103.818771415552,-103.074749421455,-102.539221655175,-102.950357631158,-103.140540510249,-93.9704322878272,2016-10-06
1,5.94325636795825,6.13266898071048,6.24568344979375,6.23396469811047,6.08698726764156,5.69939293985841,-100.797851845865,-100.167603596361,-99.6054409770171,-99.5126498721264,-99.6351527827757,-100.309480903899,2016-10-07
1,6.83418692551277,7.18389236357615,7.49823322512209,7.72343404084306,7.77269040787937,7.51768230264937,73.6518298591342,75.9357384294603,78.6566302087793,81.148842037872,83.8396597147871,88.8605208271521,2016-10-08
1,12.8001932906939,13.0415138926854,13.2990353035182,13.571288776951,13.5190821816607,13.0628431757174,54.6937199163657,55.1726197944669,55.7196249991054,56.2087094845591,56.2839016143591,56.8759681733267,2016-10-09
1,7.83780266593452,8.58932176159488,9.11580324419947,8.95381655638968,8.10989641606532,6.08674652961497,48.9200017378286,51.7395190940963,53.2450277764047,53.0036880776948,50.4292505763085,41.407977421774,2016-10-10
1,5.3585109960481,5.71220139330874,6.06635243723514,6.18150116342499,5.79178877703846,4.65945370405024,62.1330653879157,64.8846134269458,67.6343304409804,69.7015937374918,70.58077315474,69.5815289268315,2016-10-11
1,3.30298958092807,3.45012094813813,3.57895254470546,3.57842013707764,3.39246816874171,2.84133333117649,81.5609629700781,83.1411319368116,84.1389676027479,83.9046487231611,83.0730879636544,76.9936290530196,2016-10-12
1,3.29458333167989,3.49563078451453,3.68744676006751,3.79049652365899,3.79645543786939,3.57672279817777,74.7430700216487,77.0344404012312,79.1833246585591,80.3231562507943,81.427263888861,78.9931030024976,2016-10-13
1,5.97486111736684,6.43638542276359,6.77013773608539,6.8065839171808,6.39131829066047,5.30231076666568,69.4754143583775,70.6540868059794,71.8151140131553,71.2253680504472,69.7416493149335,62.4176695608192,2016-10-14
1,2.29842534374972,2.51511226561403,2.61148552951972,2.47007001884204,2.11325346860724,1.41327430490404,63.9597824089083,81.7116492979064,86.5045451386087,88.1094710532725,81.4437609969209,74.3201874875946,2016-10-15
1,5.01743518503176,5.31911863565583,5.55602836409653,5.54290162577121,5.44170833265271,4.86334549141565,72.9635839050481,73.1930937481589,73.404251741938,72.3257181717621,71.6242702492975,67.5237696828546,2016-10-16
1,6.80321123053354,7.11106885814832,7.41979919083692,7.31673901410566,7.16738599976456,5.53932176193153,65.0353865700739,67.0520080904166,69.1670653853814,70.2039554274524,71.6501186286299,72.2437737254964,2016-10-17
1,8.61203645369521,9.27586055235178,9.70470717455502,9.63531192903441,9.00664930742372,6.26901389019564,-124.066092602368,-120.876567715362,-116.877274863985,-113.563970492813,-110.801262179613,-107.217788815465,2016-10-18
1,7.78950578682125,8.08893635375356,8.09326389218922,8.43130729590853,7.65210243205643,7.1100543941178,-118.785425938103,-116.630686373137,-113.74700521968,-107.944072934433,-105.402118622727,-85.3984560253444,2016-10-19
1,5.6604143552013,5.87800636996481,6.03151214967033,6.11109953888451,6.12113773707059,5.36189699409435,-84.3658686321171,-80.4051446769374,-75.5822633066493,-71.6805515115896,-67.4984768513983,-56.4807071794187,2016-10-20
1,5.74520023515207,6.21598495392836,6.52901794196693,6.59676331062404,6.32286458278834,4.9582534706734,-89.300168976563,-89.2960717668026,-83.6274913207359,-84.6432482637299,-82.7064548671411,-67.9476180521332,2016-10-21
1,10.7927054437878,11.0751267395044,11.4880978043212,11.5363472265167,11.2479739617052,9.86269097547806,-104.743592586297,-104.438769679158,-104.000033563066,-103.635875004707,-102.733651618891,-99.6619756959344,2016-10-22
1,10.0585104184073,10.7712991915202,11.3290057865282,11.2338327553923,10.4661579860581,7.80634028236071,-91.7517083214831,-92.0997748804534,-92.0998987234963,-92.1063339218387,-92.0904890032168,-92.0688072832425,2016-10-23
1,9.33731366118071,10.0684149332124,10.6588530091169,10.589133102662,9.9670260455349,7.32381771245333,-108.325272564049,-107.76754629921,-107.522371527707,-107.31904225292,-107.911606489574,-109.09095890628,2016-10-24
1,5.28100289405358,6.35200521275953,7.07997801575948,6.69559144164125,5.22842013952771,3.22887441968131,-113.603278346592,-111.851955433731,-111.588307858132,-111.199116316592,-114.350919579135,-77.4502818162346,2016-10-25
1,4.32936921018693,5.13709722203789,5.69109085695197,5.37045138995818,4.3896967580473,3.07510937206671,-122.085289922467,-122.973677092526,-122.042667831227,-121.35760997185,-121.337296279978,-90.6868588341359,2016-10-26
1,6.28771701317832,6.74866377322831,7.02032986198173,7.0282089116514,6.67726909767319,5.32865682777742,-107.174390618889,-106.115758103949,-104.851278356479,-105.136340869489,-105.488651048006,-101.569792832314,2016-10-27
1,8.84680555691046,9.65253125702341,10.222280676983,10.2070549806511,9.50663831990764,7.59859664252036,-103.305597216067,-102.711945608457,-102.439265623313,-102.08630844571,-101.064765629371,-93.5157557969602,2016-10-28
1,6.01535011472267,6.60741203523457,6.8402407412713,6.85170659929678,6.38758738387342,5.24582870506345,-9.42744732160785,-9.99848147141247,-8.13294561503429,-7.69180150295315,-7.32587672827377,-7.59531134739035,2016-10-29
1,8.97156134695367,9.72352720345612,10.4102297543486,10.8861823017509,11.0045758131367,10.7144265075828,-1.98466030188293,-1.12456307903337,0.0111458332615008,1.06337037086789,3.0688501149397,6.22628587836456,2016-10-30
1,5.70879572234582,6.29111690284822,6.69029398545804,6.61662674206335,5.89841435498041,4.45525405114594,-43.9059542880637,-41.0138043948811,-39.7719959483688,-40.9629768533859,-44.8842708362291,-52.911920153231,2016-10-31
1,2.27236978910268,2.35358275160788,2.31146354023867,2.27372337709845,1.99587789283048,1.51283275400073,-36.2588263892929,-29.6450879531011,-24.8887922467779,-24.9809537011476,-29.0584398169077,-38.6532742891738,2016-11-01
1,4.71154456649321,4.89953819037726,5.01079976870644,5.04586746869264,4.9129751105579,4.38645196235566,-24.7226707198122,-24.0729502315805,-23.5899774288246,-23.797644675629,-24.5252633076113,-27.4579282391095,2016-11-02
1,7.63218461331946,8.1067511703957,8.62266899113302,9.02320487222738,9.19669271646274,8.76430730810872,-9.14568345097747,-5.99281944618207,-2.74130439958725,-0.365581597394689,2.00012442042098,5.70011631749096,2016-11-03
1,6.2130110016905,7.19185475441869,7.92494849898473,7.80634664199418,6.75837211283821,4.04112673602136,-43.4391516188981,-40.2018101822218,-37.950623259921,-38.8727019643687,-41.6869756879774,-28.0611296309496,2016-11-04
1,3.98365335560783,4.70355439547311,5.23616029990492,5.14431539579398,4.31657117723867,1.58201793938884,-33.4550856430149,-29.9015017374376,-27.8962974541522,-27.4452430529496,-29.8417193291499,-11.6978894656523,2016-11-05
1,7.12899711736098,8.15643982631465,8.97031135063481,9.07065162125285,8.11190336089029,4.9110897007175,-19.8586932839953,-17.9387314783348,-16.5865920146567,-16.3957285858046,-17.7724901634083,-25.6480902748589,2016-11-06
1,7.68769907816003,8.0320439831333,8.59200868182022,8.41895081432329,7.76209085974842,6.1981574119862,-46.5152980331801,-45.7448628442155,-41.5836267361486,-42.2851093715319,-44.9709797496707,-56.6577800814973,2016-11-07
1,3.65489640690386,3.94316724408073,4.00228066747456,3.66143634040254,3.71367997632879,1.99266782201602,38.9125399408618,42.4803940694558,44.8316197907463,44.6081313814091,44.4955387671814,1.08748323216827,2016-11-08
1,4.98806712971121,5.36191319489213,5.77589699367889,5.8514907472259,5.3708796320371,4.58788773253017,66.0379450177231,67.618260407128,69.9394866881201,72.3039224533115,75.4246331066259,78.1366736145304,2016-11-09
1,6.92588889125735,7.58743866054272,8.0316979187727,7.83392592972903,7.12845659823467,5.60206944201012,31.0063049771068,34.1248611060311,34.066347794651,34.3084716397468,31.3039282396622,22.5054733764935,2016-11-10
1,8.60871239046256,9.52414352130007,10.5022934036288,10.3631834517088,9.46044039864783,6.45857697245441,73.6709409771805,74.3434791734483,73.9299253462862,74.4677216360746,75.6001348423075,74.1657581081448,2016-11-11
1,5.3929947943406,5.44839698973491,6.00687962772946,5.58676041749203,5.08481770937952,8.25075463208068,-18.8086968025794,-14.7668026903266,-13.3707221891388,-15.0979658781503,-19.2961447078273,-19.1593460755336,2016-11-12
1,5.57446759290717,6.41392882371114,7.17211632864343,6.78113658052352,5.62179397976509,3.62428356265597,-1.2416932856107,-0.00517013887810107,-0.000638889577196635,1.92659953805721,3.30014756941116,4.18791377065453,2016-11-13
1,4.70514004354477,5.41359027911573,6.18270428940585,6.13415625631318,5.2384201400514,3.08720370181983,-3.96514699199849,-3.22878414053703,-2.94853009010958,-1.86660069102404,-0.608642940896356,0.192780672366714,2016-11-14
1,6.86654282736023,7.0988912081339,7.3092899287968,7.45295370121417,7.33074363527069,6.83211053629992,-44.58320947717,-43.3716973385463,-42.3594375063538,-42.6814953652294,-42.776903945104,-42.052242486792,2016-11-15
1,5.97368634734993,6.35133044511356,6.76621759876057,7.0200572982596,7.29501504808388,6.79993171456511,-16.6155462984898,-15.0871018489524,-13.0753755787909,-9.74067129708844,-8.89087731810011,-5.92570485831557,2016-11-16
1,6.4365046337716,6.81602083806914,7.20994155837706,7.39192766835844,7.70049421829482,7.49595775712695,-29.8014618005375,-28.3050376155181,-27.168505208424,-25.1442430570192,-25.481859371263,-25.8556145818655,2016-11-17
1,4.48067592739904,4.94381539775102,5.464050933847,5.70571007542864,5.94538947316507,5.17337905153908,-32.7603958212839,-29.6331105283262,-26.4099085618098,-19.6282656243336,-18.8885827480087,-15.577415502813,2016-11-18
1,5.39582811912936,5.7816770870292,6.12514467839428,6.3583078717054,6.43412500054196,5.97949595037192,-8.28353240586921,-11.9600677058482,-12.9253177032783,-11.4151938702431,-12.7462800916225,-14.383826967479,2016-11-19
1,13.7282528962195,14.4172031281833,14.9696880823567,14.9184456056749,14.4147181736202,12.795883682999,-8.66087095032299,-8.46426331179734,-8.34361574219307,-8.32460764050126,-8.8129114607011,-11.1452910870504,2016-11-20
1,12.6721672457981,13.4654490767702,14.0549288200346,14.0194108817412,13.3502766178084,10.5119942165909,-3.82524826531872,-3.98391840327768,-4.10654629807605,-4.14391377384214,-4.14407349654318,-3.51009490749264,2016-11-21
1,8.70770023916331,9.56800000466406,10.0080549803542,9.88638831560258,9.08437905320139,6.63415104304777,-76.5890277658017,-76.8058078649254,-76.89413079179,-77.2837592722531,-77.2395844971306,-77.6027146795282,2016-11-22
1,4.38028992770447,4.86529340264008,5.26654340473728,5.0539218760951,4.9962372684051,3.21419849386197,-85.0954282514837,-84.1104265015382,-83.8528466352425,-84.9196128376613,-83.3968535852322,-62.7490966426498,2016-11-23
1,3.87933969845098,4.10431191749664,4.35259664648195,4.29095370119644,4.36430555391272,3.61320775213781,-62.9578576437489,-61.9786990647346,-61.8637615768033,-61.8206903901247,-61.8587100632703,-63.8633778958012,2016-11-24
1,3.22952430061599,3.59835589852426,3.95710937160033,4.20397511766396,4.30979571815856,4.05422453522191,-54.5117488466181,-55.4737928165905,-56.5750920268848,-55.8529542967335,-53.8851435369636,-50.3656481512721,2016-11-25
1,7.10479629982953,7.55379630328328,7.79518403054387,7.85056366284136,7.63179283124705,6.51921007559531,-96.593570036844,-95.2876898237069,-94.3635462964464,-93.8465086833636,-94.0109259268973,-96.2182193278825,2016-11-26
1,6.27332349970523,6.94556250657334,7.39369792383026,7.6642858861166,7.49889989084944,6.2190266225349,-92.9930202610846,-92.4815798622591,-91.6919143474985,-91.0426180446148,-91.9763298705772,-95.4028443266727,2016-11-27
1,4.12148842716986,4.70029282584614,5.13965220376953,5.28947048919137,4.93369444515073,3.86747800897781,-77.5027343826442,-77.8104780023271,-74.3526886631931,-73.0493605305816,-68.400518511033,-74.4516278951927,2016-11-28
1,13.137621532927,14.0212268534192,14.9210810163065,15.7038136554647,16.408320599982,17.149116899399,-99.5963964317463,-98.4657257004579,-97.109979176433,-95.847696198225,-94.6719687521016,-92.8885827474241,2016-11-29
1,9.07605903241714,9.75630671183993,10.5010821740602,11.0188831016603,10.9801921356262,8.59650347222358,-69.2027511633746,-66.5782465249986,-63.7477407410637,-61.0250555509351,-57.4069270734336,-44.8030347254458,2016-11-30
1,10.9121406302691,11.386502895369,12.2198906170439,12.7340931739796,12.9791412147604,11.9506614615313,-75.5199525516563,-74.7453246529676,-74.9198987332097,-74.5726851883862,-74.3011701260452,-67.4420816074996,2016-12-01
1,7.46565625946003,8.43972107410983,8.89971817578982,8.81360648780509,7.99502489215798,5.10787557927348,-49.0007233758988,-48.973203129658,-50.1214079840757,-49.8199658555896,-50.2702060199888,-46.837647568818,2016-12-02
1,8.53032523846737,9.54188773710695,10.302347800573,10.1420503496783,8.97853704081227,5.92918229244968,-53.7898501165487,-53.1323738391863,-53.3853651613439,-53.2806377307091,-53.8709664297325,-55.7732077557769,2016-12-03
1,3.39852083012281,3.98828298343854,4.25854398120048,4.30624247604257,3.60148205748311,2.63028587700506,-86.3939097211268,-83.0351087959936,-81.7447204914701,-79.6879693243984,-83.3613368135423,-87.9553385452558,2016-12-04
1,5.28577315355289,5.61600868378843,5.85549537358236,5.85090220142492,5.54654051353155,4.75343402819889,-52.9566736012901,-52.80716318658,-52.6940295110764,-48.9915196738146,-53.5647824056804,-49.4957922429701,2016-12-05
1,7.68053009868082,8.10153877720789,8.46826562872915,8.64744445370855,8.44761921675117,7.02580555638091,-56.3293425845194,-55.2326053215401,-53.9738350723327,-53.0584097259418,-52.2221406205005,-52.6595798558464,2016-12-06
1,9.22411747866483,9.35474537497197,9.40339062453403,9.51116319887064,9.53862673705927,9.5454693296055,-84.276733799069,-82.5913408461986,-82.469526035885,-82.0040376172905,-82.0175358862568,-81.2301539317988,2016-12-07
1,5.37865798871274,5.67868981997172,5.94362268877112,6.04771065204784,5.8700659781584,4.79359837744661,-62.0877233732409,-60.8274803168906,-59.2444548586342,-57.8767071754182,-56.8925248869702,-57.5705347212045,2016-12-08
1,8.42652315601707,9.2690445657102,9.84815683432751,9.69492419218851,8.5472401700638,5.81255324261789,-48.7399976818871,-49.2137355288974,-49.5177175826497,-49.3557471040112,-48.3955081032603,-43.1851307812915,2016-12-09
1,6.63412500845889,7.24117535790635,7.7077089196278,7.59763311030688,6.85341030879981,5.11838078684277,-46.7907204886277,-48.6459727989634,-49.1900972133985,-49.2095810136047,-48.5739479156363,-43.0783582213822,2016-12-10
1,4.01158680139032,4.41731770676293,4.69959375075039,4.61657407207768,4.29904745485806,3.40495717491644,-22.4042008004425,-23.6377627358221,-24.1365948982501,-22.5917748826769,-22.4877592623098,-19.6106122667735,2016-12-11
1,8.59900636522858,9.05758159736792,9.49667766484397,9.74449305058905,9.75556423884299,9.24640798887445,-32.5476915510355,-31.8132991844774,-31.3523576395028,-30.8398385396376,-30.3985480267123,-28.4925468749293,2016-12-12
1,4.60848958239994,4.92998784690138,5.2327465274711,5.40877373059056,5.3998478048281,4.85548553419489,-6.22182406625676,-6.20171180010463,-6.00126446866491,-5.42382118107242,-4.34252604261662,-0.374935178590542,2016-12-13
1,6.04183565018492,6.30186747679832,6.52274421668232,6.63951388998164,6.57882060665361,6.194931136547,-53.4488958273185,-52.8607372730265,-52.6636030043305,-53.1542280090322,-53.9731944491659,-55.5738524402231,2016-12-14
1,10.8383900516646,11.3708802123837,11.7434421328179,11.8407575256736,11.6472708360511,9.86322685622541,-42.6117326376795,-42.5197708259713,-42.4874519637842,-42.7271278938809,-43.3867349445236,-44.2233541665713,2016-12-15
1,6.424291091532,7.04394097414489,7.66083738708317,7.4773402805792,6.50688310686378,4.58051678092072,-30.1388605328062,-30.906685184232,-31.8867447897595,-32.3538744169849,-30.0108912045255,-11.2311701406908,2016-12-16
1,5.01833449352119,5.24911285107412,5.45094676207561,5.64374189828117,5.83676157804577,6.06378299103334,-36.6645092849012,-35.8379172634734,-33.8491944418204,-31.7712581070693,-29.3285844952068,-28.3876880626849,2016-12-17
1,12.6069791725057,13.2129872671763,14.0741875018124,15.0575104209118,15.8089687546839,15.2587991852575,-21.8793894643931,-21.5435567083906,-20.1774652761176,-19.0597864567294,-18.2063489567095,-18.1996712925227,2016-12-18
1,5.32269270855106,6.11242766342919,6.74238368451319,6.48257465698101,5.31340625081211,10.7197146892923,-56.2851469887174,-53.3709774354707,-51.857710655959,-52.9738287065294,-57.4327199069277,-55.0149218815364,2016-12-19
1,4.87576272973549,5.28352604262979,5.55128067195036,5.37554629436108,4.73736342679968,3.90177719847187,-53.2239895765395,-49.681652785854,-47.4060879615939,-47.059690390308,-49.3461527732618,-54.8442123781777,2016-12-20
1,4.18156944289804,4.64143518568672,5.0937528955288,5.36717071907388,5.40733564832558,4.24111979224409,-18.4654947897672,-17.5001099531915,-17.5004635372613,-18.1648466431181,-19.795453125721,-22.6600231386443,2016-12-21
1,6.55683680747532,7.09683681503766,7.48892072095777,7.63542997690539,7.28782581566936,6.06659085919322,-44.4783940916903,-41.5862193265187,-39.6838767377247,-38.5345289333793,-39.9443778900817,-41.8950214070509,2016-12-22
1,5.71361111071375,6.08266146724285,6.60779919448274,6.77378819786702,6.49032755278189,5.02612152841615,-33.491329282768,-32.835848376381,-30.6652106520246,-30.0508530093425,-29.6858778873696,-30.1213327506824,2016-12-23
1,8.06566204122647,8.54732176042541,9.0819953779821,9.42780787502174,9.56483970301019,9.46527778230677,-27.9871082203156,-27.6549103004221,-27.1507077503463,-27.0706273095729,-27.2668842543773,-28.3825474530056,2016-12-24
1,5.57754745366397,6.11179572077537,6.65295370898865,6.84745603035997,6.72719097985162,5.75149710921226,-26.8111030048683,-25.3616290493647,-24.9412135411684,-24.7912899357207,-26.1184496519863,-28.5086053225406,2016-12-25
1,7.11486805994753,7.5300584557818,7.87716840626741,8.09612211183265,8.21053009908232,8.00243403375701,-10.3629901582779,-7.63259664302511,-4.94758564857744,-3.50892129762848,-4.11155150551849,-2.89672338123403,2016-12-26
1,12.3764612319955,13.2234664418079,14.0738015162503,14.584413200879,14.8774016354233,13.5632239577717,-10.1716579834305,-8.63459664061898,-6.63738367858282,-4.39514814471688,-2.00548785032084,5.12502777934876,2016-12-27
1,5.52384027986615,5.89469560401031,6.27777662160772,6.27987268938786,5.83064236707847,5.07242765884312,-34.4049062436307,-31.9637355286859,-30.7093159723359,-29.7072118028325,-29.9621012656801,-14.2429490732308,2016-12-28
1,6.89185764352205,7.28604514350218,7.62227200072949,7.75272106923439,7.63419097474742,6.89118171796453,81.0952303264428,82.1950891288673,83.961948504768,85.3703998798905,86.2302245459733,86.8769947883044,2016-12-29
1,9.05505440534541,9.73810127750039,10.4382326370974,10.3307303283667,9.52978646113641,6.8576533665596,55.7421047396585,55.7789947922795,55.6996805452859,56.025178814055,57.2866516236378,59.3461296466778,2016-12-30
1,8.71328646000337,9.41899421901891,9.92755787390802,9.80160416913253,8.99913021042943,7.01616956143157,-46.7968298578504,-46.9280989599062,-46.8688287036286,-46.6133043994285,-45.8813478016539,-37.8145445580551,2016-12-31
1,7.40360243156673,7.8742193319758,8.57220544389897,8.52024769130715,7.87437905375087,5.73019097460304,-38.1992129573885,-37.3725665529903,-33.7764363348676,-33.0967060094168,-29.0573067125001,-34.6275121441798,2017-01-01
1,7.36333911915068,7.90362963278398,8.36932754520741,8.36324421320111,8.06946295919104,7.49233333593528,-43.1189241920513,-41.669590266132,-35.8408726909107,-35.8450914267422,-37.0860862213009,-35.7486672490326,2017-01-02
1,8.76478877523845,8.77296238632709,9.83601042570952,11.7063877376239,12.7743871665511,12.7579635378728,-11.295377896751,-11.0031487239621,-8.82670600654902,-5.18162151252782,-3.69705671804923,-0.745778344008658,2017-01-03
1,8.24706076837248,8.55867940200838,9.08110070097502,9.0018535929118,9.00925926693612,8.41341782967388,-88.3896817163841,-87.5693125023841,-85.8266348356373,-84.5058292908982,-84.7458113458154,-84.439764463211,2017-01-04
1,5.80269675879015,6.59641840831135,7.12660069678945,7.00148206430039,5.82932002298396,3.66197685092575,-90.6687887658013,-90.4534114634108,-90.8852673503646,-90.3643674753772,-91.6733275372452,-91.1310665526269,2017-01-05
1,5.58693460745392,5.84683333805452,5.96008623276872,5.90271759653119,5.57706829026341,4.84151273145366,-100.449329273074,-99.3790474547641,-99.8026643464187,-100.596574665068,-100.354720486371,-102.75980439279,2017-01-06
1,10.1939386597221,10.3995509327727,10.5543298639909,10.521846070411,10.382091437076,9.96023668955598,-130.122583360319,-129.327972821306,-128.929938106537,-129.099782426181,-128.788467598491,-128.860634867483,2017-01-07
1,8.85905671912004,9.76738889167982,10.2839479180149,10.2049085629646,9.07420370792565,6.49844502810268,-92.4882679286516,-92.0113941151243,-91.4873645997884,-91.5675162087684,-88.9769276777415,-89.615196140111,2017-01-08
1,5.05797685736566,4.86670543963012,4.87268402522637,4.91913309839149,5.20212441611341,19.5935758073032,-48.93040159388,-48.3785538003251,-48.332325230274,-45.6760954560271,-36.8969282556452,-6.28481247940875,2017-01-09
1,3.91959722300129,4.34889988314904,4.55324594972224,4.55357581017996,4.30523842608772,3.7883263879328,-84.6110607597366,-87.3311470064176,-87.0592158512937,-85.4118992929861,-73.025965866088,-50.0484473256049,2017-01-10
1,10.4320815994315,11.1089774333741,11.4635601912053,11.9829033629927,11.9806122676035,11.6260237273146,-139.197546289409,-136.881695615804,-131.966386578701,-130.320705438455,-128.888334478537,-112.885625607702,2017-01-11
1,13.6305034788615,14.8241261617287,16.0253362245195,17.0153281325764,17.8743119167619,18.2965133115015,-114.804050922394,-115.481879609249,-117.366531240763,-120.361457760069,-121.383031239686,-120.383839696425,2017-01-12
1,9.53230961314506,10.494046299819,11.084902784714,11.3642343880512,11.496334483778,10.8131099505457,-83.0915867866509,-83.5751562683864,-87.3353049841226,-88.9352181845324,-81.5893576545125,-50.5334676098754,2017-01-13
1,5.65987326323495,6.32620429036518,6.368214705316,6.31270486445201,6.12125405551572,4.60190162253368,-65.4847500020486,-73.1246614309593,-81.6833570644591,-89.8782505768317,-87.3192476623147,-49.2386342618201,2017-01-14
1,4.36149305855165,4.43292940053106,4.53117477081345,4.51703819691488,4.43810879491209,4.04585532794534,-32.0124288177885,-37.9504236253171,-37.8982963275635,-36.1419872787105,-26.6360572819648,-3.44064178181614,2017-01-15
1,3.20906597022605,3.47191145524305,3.57577140970595,3.52261573808026,3.38333275112056,2.69036805213895,-27.7468263700173,-34.2265677099977,-34.1278715125353,-39.9694826307402,-31.6776452507831,-24.6190815834603,2017-01-16
1,3.1797760389333,3.66241550832409,3.87218981655315,4.12571412102009,4.2095538192752,4.06968518259659,31.567546856155,2.8548958243929,10.0660289350704,13.7922667590336,24.9670561461095,37.9760728845331,2017-01-17
1,6.30868287380035,6.29327257481154,6.79154745882653,6.98837037761316,7.1114189871736,6.83718171813555,-75.8155787027234,-78.9393009403182,-78.3428102161708,-79.2024357642509,-79.1478275289359,-74.8071389262323,2017-01-18
1,3.81200983306798,4.12259317178107,4.4102482588064,4.42413021011407,4.37135590520446,4.00064583313729,-38.8340682817764,-36.0313524246427,-35.1316001137019,-36.011513888981,-38.1656180560065,-38.7142939930431,2017-01-19
1,2.65364872228829,2.84937962542633,2.92903587521278,2.65689178033723,2.45001504255269,2.01015856402849,18.1304670099685,35.7125399319867,31.7117783561291,38.641133682553,42.7161921246853,41.3541307748305,2017-01-20
1,4.32970196593691,4.39083390512305,4.50478646022302,4.52970081255668,4.53654340428611,4.126385414609,20.4681163203493,20.8241811227034,23.6162262663995,20.7538049704732,20.6990052259556,19.2812042771235,2017-01-21
1,5.94474305528432,6.20595659512604,6.56783044462377,6.66897164319995,6.96590683068813,6.84128588476089,-14.1830370347394,-8.78763311085524,-6.15315798727485,-5.27464351958828,-1.8215590329545,-0.941788772344331,2017-01-22
1,19.0751631922302,19.793973960744,20.472065974209,20.8226782440891,21.5707916691347,21.2393316070984,48.548138305876,49.1948200205962,50.1606498965731,50.0871186300781,51.3514479107217,47.4235300933735,2017-01-23
1,15.2243877313258,15.6216892395803,15.9323680544534,16.2086087934812,16.3332424793168,16.1721689840779,32.214799192094,32.6527685126249,32.9921689755408,33.3021064810939,33.5473165422106,33.7233032334668,2017-01-24
1,7.15369097742907,7.97830614146501,8.46847801534666,8.37401042689975,7.52992245487041,5.32034548972043,-10.2276469874056,-8.53056364723309,-7.51888252622323,-6.87141782327184,-7.09992361179769,-12.8238425883385,2017-01-25
1,8.80654861049623,9.46419907984358,9.8819872711003,9.90690393790137,9.0367152819836,9.6190949087126,-28.9648009247905,-25.8139062530433,-22.8667233794099,-21.2048391218484,-21.535062498867,-13.0318900422535,2017-01-26
1,8.39953704133707,10.200101278643,9.48374190776574,11.0966834565694,9.33326156860148,6.20692709393903,-17.6505480416132,-18.1792783680516,-19.0989195586111,-30.6599976903962,-29.6889872733247,-2.42108392676339,2017-01-27
1,7.12541783394637,8.20027431403321,8.80587674313949,8.42515973097748,7.12866493605077,6.24862963222329,-71.983434028035,-72.34131365919,-72.4754733662031,-72.1336475584339,-71.4482899149811,-71.1005410818136,2017-01-28
1,4.94696411952514,5.60493866024056,6.05358333468575,5.89248900572597,5.52736747601242,3.84638946566627,-78.2791469794512,-77.7511811158392,-76.9934450175696,-75.3294999921929,-75.2245746581091,-75.9274288312047,2017-01-29
1,5.09038830908084,5.41925520848,5.71198669342911,5.62024826688623,5.3592528942029,4.45837673562432,-99.4001099602161,-99.0232193284344,-98.3808292793124,-96.4128003513518,-98.519461815291,-87.9193645888334,2017-01-30
1,6.50373437926561,7.08646933297385,7.42274248418321,7.50142072372095,7.09842303610079,5.89062384578606,-68.390726851133,-70.6452094807934,-70.9870682764267,-69.8887679270229,-69.9578790441563,-62.9216464017476,2017-01-31
1,5.52963773110424,6.14129456794821,6.5737042861594,6.78200579633402,6.37455845001611,4.64284779805725,-77.2836614524398,-78.6121608964324,-77.4637083264677,-74.9070439775957,-73.5418680502724,-65.0359704925609,2017-02-01
1,4.46681886167067,4.94979108778061,5.30502199242288,5.3718946783267,5.00380787007942,3.76263541439039,-51.7690925931119,-48.5388339024728,-46.9088032384542,-43.4369178203236,-45.8017037153235,-36.4040543980528,2017-02-02
1,5.69121643618577,6.26782233943542,6.67564815559045,6.6242991947838,6.31613426329085,7.54764178597265,-71.7165150401497,-70.3886030149944,-69.6182262788146,-70.2229838039228,-72.2027170065286,-63.9228819506505,2017-02-03
1,6.39946702392263,6.66794734207844,7.00188658091067,7.04960764590651,7.00814814823921,13.5975445603262,-33.7964392129768,-28.9322337955319,-25.9148009136793,-26.9718130732284,-30.5783680587002,-14.2783286924637,2017-02-04
1,5.53127314970587,6.22686979781422,6.69334318003997,6.56047164816547,6.04282175681519,8.82697626562444,-86.9200254599447,-87.2818883098055,-86.3319612339249,-85.5671064947601,-84.5316070580924,-80.423379631353,2017-02-05
1,5.53100289237694,6.14421643824679,6.79028067385321,7.07306539293413,7.15366493289497,6.85279745300766,-27.2664062420575,-24.9907789379144,-22.4568836811637,-19.9864149093178,-17.956997682412,-15.5827158512082,2017-02-06
1,7.86759079230604,8.6025363917704,9.51705906399422,10.3148982126404,10.9865728783883,11.2958975079711,39.9865319198381,41.7026371685636,43.6060643011235,45.6262732530837,48.325346587765,50.9461631634631,2017-02-07
