time,h_wspd_1,h_wspd_2,h_wspd_3,h_wspd_4,h_wspd_5,h_wspd_6,h_wdir_1,h_wdir_2,h_wdir_3,h_wdir_4,h_wdir_5,h_wdir_6,file_date,avg_pressure,avg_temp,avg_humidity,avg_dew_point
1,7.339,7.920,8.194,8.216,7.933,7.079,-68.260,-94.168,-131.443,-153.447,-154.081,-146.018,2015-05-31,1019.7,21.5,94.7,20.6
1,8.946,9.565,9.851,9.903,9.681,8.606,-150.108,-152.593,-151.844,-152.057,-151.354,-149.270,2015-06-01,1018.2,21.8,93.7,20.7
1,6.414,6.781,7.081,7.324,7.197,6.646,-72.165,-79.069,-88.377,-87.666,-100.878,-112.813,2015-06-02,1016.3,21.4,93.2,20.3
1,8.011,7.937,8.132,8.142,7.912,6.595,34.589,37.975,41.466,41.505,41.245,45.016,2015-06-03,1016.8,20.5,98.4,20.2
1,7.164,7.208,7.161,7.493,7.814,7.797,78.643,82.074,84.043,84.825,84.532,83.529,2015-06-04,1017.9,20.9,97.5,20.5
1,6.160,6.155,6.429,5.835,5.347,3.995,1.066,4.946,6.176,1.110,11.268,-5.520,2015-06-05,1015.9,18.5,98.3,18.3
1,4.184,4.350,4.607,4.822,4.780,4.446,-29.479,-25.994,-23.145,-24.072,-27.887,-35.396,2015-06-06,1012.9,18.9,93.4,17.8
1,5.554,5.982,6.269,6.234,5.829,5.166,55.996,58.336,60.210,60.452,57.448,62.360,2015-06-07,1019.3,19.5,80.5,15.9
1,7.556,8.110,8.531,8.679,8.162,7.155,-32.328,-44.738,-49.016,-56.339,-60.596,-70.811,2015-06-08,1018.1,20.6,81.4,17.2
1,9.985,10.637,11.227,11.492,11.224,10.316,-129.701,-127.627,-126.048,-125.168,-124.673,-124.996,2015-06-09,1010.9,22.0,89.6,20.2
1,4.940,5.418,5.796,6.091,6.101,5.733,-35.104,-41.706,-39.750,-47.749,-55.270,-53.845,2015-06-10,1012.1,22.5,88.1,20.4
1,8.233,8.746,9.152,9.071,8.508,7.316,-128.985,-128.114,-127.519,-127.952,-134.463,-130.832,2015-06-11,1014.9,23.0,94.8,22.1
1,9.998,10.756,11.389,11.385,10.517,9.276,-142.652,-139.923,-138.177,-136.865,-135.698,-131.877,2015-06-12,1015.9,24.0,91.6,22.6
1,7.568,8.038,8.246,8.159,7.768,6.486,-106.516,-103.209,-99.472,-95.992,-92.387,-85.382,2015-06-13,1015.0,24.9,89.5,23.0
1,3.917,4.051,4.196,4.170,3.946,3.407,-5.775,-9.963,-11.231,-13.505,-12.767,-5.665,2015-06-14,1016.7,25.3,89.8,23.5
1,4.864,4.808,4.703,4.448,3.954,3.105,-50.942,-50.453,-47.660,-45.123,-78.044,-75.855,2015-06-15,1016.3,25.5,96.3,24.8
1,6.238,6.066,5.722,5.621,5.448,4.990,-83.032,-92.320,-89.087,-86.239,-83.283,-79.573,2015-06-16,1014.4,26.8,86.8,24.4
1,7.029,7.400,7.658,7.812,7.787,7.415,11.275,12.228,12.809,13.548,14.174,16.275,2015-06-17,1016.9,25.0,80.2,21.3
1,4.793,4.892,4.962,4.991,5.008,4.922,-20.215,-23.759,-33.402,-44.238,-48.410,-44.114,2015-06-18,1017.0,24.7,86.1,22.2
1,5.573,5.792,5.896,5.879,5.706,5.671,-106.880,-104.684,-102.273,-98.426,-95.187,-87.768,2015-06-19,1014.9,26.2,82.9,23.0
1,6.242,6.601,6.820,6.919,6.828,6.675,-146.226,-144.750,-142.844,-139.561,-135.914,-127.242,2015-06-20,1015.7,26.0,83.5,23.0
1,8.876,9.524,10.065,10.502,10.613,10.399,-104.783,-110.612,-113.578,-116.726,-119.392,-119.675,2015-06-21,1011.6,26.2,84.9,23.5
1,6.318,6.710,6.926,6.952,6.707,6.513,-11.641,-9.300,-7.754,-7.251,-9.743,-21.930,2015-06-22,1015.3,26.5,80.6,22.9
1,9.424,10.026,10.340,10.367,10.079,9.433,-147.099,-144.768,-142.843,-141.374,-140.322,-137.656,2015-06-23,NA,26.2,89.9,24.4
1,6.175,6.478,6.653,6.695,6.494,6.039,-51.726,-50.093,-48.844,-49.243,-52.320,-55.290,2015-06-24,1015.8,25.3,84.4,22.4
1,3.931,4.040,4.104,4.080,3.960,3.758,-15.705,-15.415,-16.287,-14.714,-13.217,-14.697,2015-06-25,1017.9,25.5,67.8,19.1
1,7.527,7.705,7.889,7.970,7.856,7.293,-57.150,-58.237,-58.446,-58.555,-58.841,-57.545,2015-06-26,1013.7,24.2,84.3,21.3
1,8.742,9.058,9.340,9.529,9.521,9.216,54.717,53.602,53.452,51.213,46.153,41.110,2015-06-27,1013.3,24.3,86.6,21.9
1,8.219,8.651,8.951,9.066,8.858,8.155,-106.752,-106.396,-106.180,-106.252,-106.616,-107.292,2015-06-28,1007.6,25.1,78.2,20.9
1,3.516,3.689,3.826,3.864,3.721,3.016,-5.399,-6.267,-6.812,-9.479,-12.720,-13.714,2015-06-29,1014.3,24.5,56.9,15.3
1,6.775,7.126,7.339,7.544,7.569,6.736,4.966,-1.188,-9.812,-15.260,-18.140,-34.221,2015-06-30,1013.9,25.1,83.1,22.0
1,7.785,8.250,8.528,8.608,8.560,7.629,-122.723,-121.503,-120.317,-119.401,-119.665,-118.025,2015-07-01,1012.1,25.7,75.8,21.1
1,7.310,7.654,7.841,8.000,7.918,7.826,-121.921,-120.880,-119.627,-118.291,-116.796,-113.814,2015-07-02,1011.9,25.9,83.6,22.9
1,4.632,4.763,4.835,4.844,4.800,4.570,42.385,42.381,42.399,42.099,41.838,42.430,2015-07-03,1013.4,23.6,79.9,19.9
1,7.162,7.381,7.527,7.546,7.342,8.989,-20.400,-24.157,-27.438,-31.557,-32.609,-29.052,2015-07-04,1012.1,25.1,83.5,22.1
1,4.877,4.954,5.052,5.135,5.063,4.662,18.439,18.994,19.458,19.845,19.440,18.653,2015-07-05,1018.2,24.9,84.0,22.0
1,6.110,6.320,6.510,6.594,6.527,6.251,-48.441,-50.745,-52.431,-54.206,-57.514,-61.515,2015-07-06,1019.6,25.4,89.2,23.5
1,8.675,9.118,9.427,9.531,9.429,8.978,-142.207,-140.874,-139.485,-138.236,-137.090,-134.424,2015-07-07,NA,25.9,87.7,23.7
1,9.762,10.350,10.768,10.978,11.012,10.356,-125.972,-124.806,-123.691,-122.764,-122.092,-119.605,2015-07-08,NA,26.6,85.7,24.0
1,8.229,8.646,8.929,9.053,8.989,8.696,-115.707,-113.227,-110.967,-108.906,-107.030,-103.251,2015-07-09,1016.3,26.7,82.9,23.6
1,8.237,8.775,9.202,9.521,9.616,9.389,-57.460,-56.187,-55.259,-54.788,-54.766,-52.230,2015-07-10,1015.2,27.3,78.4,23.1
1,4.283,4.396,4.473,4.480,4.337,4.103,41.979,39.619,37.970,37.994,34.018,42.832,2015-07-11,1017.0,25.9,78.2,21.8
1,7.454,7.637,7.751,7.766,7.612,7.152,51.762,51.989,52.291,52.362,52.233,53.461,2015-07-12,1016.2,24.8,79.1,20.9
1,3.874,3.901,3.958,3.977,3.816,3.798,45.286,42.730,41.689,43.705,43.513,46.409,2015-07-13,1012.9,25.2,75.0,20.5
1,7.900,8.231,8.470,8.518,8.344,7.837,-136.822,-136.527,-136.082,-135.718,-135.307,-134.346,2015-07-14,1006.3,25.6,82.5,22.4
1,7.435,7.888,8.217,8.390,8.394,7.927,-98.159,-96.843,-95.968,-95.416,-95.082,-93.376,2015-07-15,1004.0,26.6,77.6,22.3
1,6.973,7.130,7.219,7.236,7.149,6.887,12.008,11.942,12.024,11.735,11.009,10.959,2015-07-16,1013.2,24.4,81.9,21.1
1,5.274,5.311,5.360,5.382,5.310,5.153,114.255,114.388,114.628,114.279,113.511,113.284,2015-07-17,1017.8,24.9,74.1,20.0
1,5.593,5.703,5.803,5.880,5.862,5.707,-50.754,-49.128,-49.138,-50.632,-51.246,-58.012,2015-07-18,NA,25.7,75.6,21.0
1,5.574,5.818,5.973,6.050,5.956,5.634,-123.614,-123.456,-122.630,-122.211,-121.448,-117.623,2015-07-19,1013.0,26.2,83.6,23.2
1,7.719,8.073,8.268,8.369,8.212,7.743,-130.389,-128.459,-126.312,-124.261,-122.037,-117.125,2015-07-20,1009.0,27.1,85.4,24.4
1,7.456,7.932,8.284,8.564,8.562,8.150,-112.105,-110.449,-108.909,-107.824,-106.725,-104.590,2015-07-21,1005.4,28.0,85.0,25.2
1,5.912,6.099,6.277,6.218,6.008,5.324,5.804,5.043,4.676,3.431,2.511,1.351,2015-07-22,1008.7,26.6,71.0,20.8
1,3.329,3.010,3.052,3.048,3.041,3.203,-94.091,-84.531,-87.616,-88.169,-90.396,-100.225,2015-07-23,1013.9,26.3,62.1,18.4
1,4.142,3.906,3.945,3.830,3.764,3.828,30.014,48.226,52.800,46.778,34.228,30.648,2015-07-24,1013.6,26.0,59.9,17.4
1,3.383,3.058,3.061,2.942,2.988,3.279,47.037,49.060,48.368,47.295,45.928,48.695,2015-07-25,1015.2,26.0,54.5,16.1
1,4.250,4.142,4.043,4.060,3.999,3.944,57.691,69.206,66.976,80.991,77.884,27.992,2015-07-26,1016.4,26.0,59.9,17.6
1,5.374,5.507,5.594,5.459,5.308,30.190,-132.222,-128.353,-124.394,-123.618,-124.310,-81.482,2015-07-27,1016.2,26.7,71.0,21.0
1,4.509,4.598,4.732,4.706,4.607,14.398,-115.064,-115.337,-115.073,-115.909,-116.772,-84.766,2015-07-28,1016.3,26.7,72.2,21.3
1,4.386,4.498,4.614,4.608,4.471,4.189,-120.887,-118.210,-115.484,-110.067,-104.681,-104.144,2015-07-29,1016.2,26.9,74.5,22.0
1,5.728,5.848,5.976,6.061,6.013,5.833,-25.614,-22.578,-20.091,-15.931,-9.719,-9.706,2015-07-30,1014.2,27.3,78.9,23.3
1,6.665,6.820,6.955,7.029,6.968,6.690,-44.695,-44.902,-44.904,-45.349,-45.567,-44.978,2015-07-31,1012.0,27.2,73.2,21.8
1,5.105,5.168,5.219,5.229,5.164,4.963,-130.335,-129.637,-128.745,-128.227,-127.989,-127.209,2015-08-01,1012.5,27.3,69.5,21.1
1,3.617,3.689,3.793,3.883,3.904,3.759,-43.973,-46.145,-47.790,-43.281,-38.371,-33.498,2015-08-02,1012.5,27.3,81.0,23.7
1,6.607,6.686,6.731,6.703,6.594,6.330,-101.612,-101.663,-101.742,-101.004,-100.063,-101.418,2015-08-03,1012.7,26.9,80.1,23.2
1,10.526,10.878,11.194,11.369,11.350,11.089,-128.622,-128.306,-127.869,-127.456,-127.106,-126.000,2015-08-04,1014.0,27.0,82.8,23.8
1,6.532,6.763,7.032,7.067,7.040,7.062,-69.449,-67.806,-65.768,-63.060,-58.238,-50.235,2015-08-05,1013.7,26.6,84.7,23.8
1,4.678,4.764,4.873,4.982,4.906,4.769,59.288,62.529,67.808,77.650,90.394,105.157,2015-08-06,1012.8,27.0,80.5,23.3
1,3.726,3.727,3.747,3.789,3.733,3.530,-35.123,-35.706,-35.932,-36.289,-35.599,-32.498,2015-08-07,1008.9,25.5,79.6,21.7
1,3.747,3.836,3.917,3.937,3.880,3.761,-8.246,-9.065,-9.316,-9.744,-10.222,-7.585,2015-08-13,NA,24.9,74.2,19.9
1,3.324,3.398,3.436,3.379,3.246,3.273,59.432,59.113,58.845,57.579,56.182,54.558,2015-08-14,1021.0,24.9,64.9,17.8
1,1.967,2.060,2.112,2.105,2.033,2.011,60.267,66.278,66.958,65.674,59.000,46.125,2015-08-15,1021.0,24.6,56.5,15.4
1,1.911,2.105,2.188,2.195,2.103,1.906,39.704,44.581,48.276,46.689,42.194,45.800,2015-08-16,1021.1,24.6,63.8,17.2
1,3.993,4.229,4.319,4.290,4.120,3.796,-88.583,-88.814,-88.616,-85.625,-82.707,-77.353,2015-08-17,1020.1,25.6,72.4,20.2
1,6.578,6.935,7.174,7.287,7.067,6.630,-155.047,-154.854,-154.534,-154.452,-154.272,-153.670,2015-08-18,1017.3,26.2,79.3,22.3
1,4.025,4.199,4.367,4.436,4.363,4.160,-47.791,-47.808,-50.332,-55.637,-59.535,-49.145,2015-08-19,1015.9,26.5,84.3,23.6
1,6.293,6.366,6.467,6.547,6.501,6.148,-53.302,-59.532,-68.646,-75.780,-84.443,-105.869,2015-08-20,1014.3,26.5,85.1,23.8
1,6.305,6.464,6.542,6.511,6.194,5.790,17.519,15.062,11.332,7.387,1.185,-11.163,2015-08-21,1014.7,26.0,85.5,23.4
1,8.394,8.610,8.688,8.717,8.529,7.987,11.860,11.865,11.931,11.845,11.681,12.291,2015-08-22,1016.7,25.6,76.7,21.2
1,6.563,6.960,7.027,6.921,6.452,5.756,11.000,10.225,9.747,8.952,8.477,8.979,2015-08-23,1015.3,25.4,57.7,16.4
1,2.707,2.792,2.871,2.750,2.660,2.598,-65.048,-74.199,-73.856,-76.314,-70.854,-63.503,2015-08-24,1013.3,25.5,60.8,17.4
1,4.252,4.605,4.708,4.697,4.459,4.184,-102.574,-103.848,-105.238,-107.632,-108.507,-109.454,2015-08-25,1012.1,25.9,76.2,21.4
1,4.964,5.169,5.254,5.204,5.013,4.674,29.482,29.510,29.357,28.921,27.949,26.644,2015-08-26,1013.9,25.9,70.0,19.8
1,6.817,7.350,7.501,7.472,7.049,6.201,33.555,32.800,32.503,31.953,31.739,32.619,2015-08-27,1017.3,24.8,61.9,16.9
1,5.312,5.596,5.743,5.688,5.383,4.516,38.963,37.245,36.378,35.634,35.413,36.554,2015-08-28,1020.7,24.5,59.9,16.2
1,4.687,4.958,5.219,5.077,4.561,3.906,79.005,77.851,76.408,75.554,75.706,79.159,2015-08-29,1022.6,24.9,58.7,16.3
1,3.383,3.358,3.490,3.431,3.465,3.318,66.555,60.757,60.446,60.242,63.541,69.367,2015-08-30,1020.2,25.2,67.5,18.8
1,3.870,3.788,3.865,3.778,3.860,3.649,-113.927,-115.017,-115.824,-116.501,-117.429,-114.897,2015-08-31,1019.7,25.2,75.9,20.6
1,2.165,2.212,2.261,2.249,2.215,2.297,-33.508,-30.874,-27.829,-28.182,-28.673,-44.427,2015-09-01,1017.8,25.2,80.5,21.6
1,3.461,3.530,3.615,3.653,3.627,3.468,-115.659,-114.951,-113.174,-111.361,-110.182,-103.877,2015-09-02,1016.6,26.0,82.1,22.7
1,4.707,4.796,4.902,4.928,4.808,4.429,-75.202,-74.505,-73.740,-73.468,-73.189,-70.386,2015-09-03,1012.7,25.8,78.4,21.7
1,5.765,5.958,6.120,6.175,6.047,5.720,-14.877,-13.501,-12.330,-11.636,-11.174,-11.173,2015-09-04,1013.7,26.6,80.8,23.0
1,10.596,10.831,11.031,11.121,10.967,10.313,58.646,58.447,58.425,58.309,58.319,58.854,2015-09-05,1018.6,26.0,74.9,21.2
1,9.129,9.312,9.478,9.556,9.401,8.996,66.210,66.072,66.070,66.162,66.515,68.069,2015-09-06,1020.0,25.4,78.0,21.2
1,4.925,4.940,4.973,5.004,4.927,4.731,74.453,74.745,75.109,74.970,74.642,75.415,2015-09-07,1019.7,25.1,77.6,20.9
1,4.011,4.049,4.112,4.165,4.121,4.113,30.388,33.431,35.440,36.863,36.797,28.581,2015-09-08,NA,25.9,88.3,23.8
1,5.934,6.130,6.328,6.464,6.567,6.074,-132.104,-128.830,-129.053,-128.339,-127.786,-133.671,2015-09-09,1014.9,26.0,87.3,23.8
1,6.774,7.079,7.372,7.502,7.423,6.988,-125.026,-124.404,-124.289,-124.353,-125.161,-123.990,2015-09-10,1009.7,26.5,85.7,23.9
1,6.243,6.457,6.624,6.666,6.418,5.904,-52.919,-53.346,-53.764,-54.016,-55.207,-52.130,2015-09-11,1008.2,24.3,78.9,20.3
1,6.532,6.822,6.984,6.978,6.636,6.266,15.404,14.068,14.007,13.020,11.277,11.026,2015-09-12,1008.1,25.3,75.5,20.6
1,6.518,6.947,7.239,7.143,6.852,5.991,-70.013,-70.948,-71.056,-71.355,-71.727,-69.115,2015-09-13,1007.8,23.4,74.2,18.5
1,5.728,6.288,6.614,6.487,6.055,4.441,-40.789,-42.580,-43.935,-44.607,-43.809,-46.171,2015-09-14,NA,21.3,49.1,10.1
1,2.477,2.482,2.520,2.477,2.393,1.886,-59.770,-61.043,-59.120,-60.062,-61.884,-57.603,2015-09-15,1026.5,23.1,46.7,11.1
1,2.003,2.158,2.233,2.192,2.067,1.967,-26.456,-29.442,-30.995,-31.675,-31.259,-33.547,2015-09-16,1026.9,23.4,56.7,14.3
1,2.411,2.461,2.506,2.493,2.444,2.605,82.384,81.130,80.524,78.980,77.719,72.296,2015-09-17,1022.3,23.4,67.4,17.0
1,3.991,4.087,4.149,4.121,4.012,3.699,89.834,88.615,87.855,87.024,86.433,86.272,2015-09-18,1017.2,24.1,73.5,19.0
1,4.191,4.291,4.398,4.456,4.464,4.189,115.553,115.376,115.632,115.695,116.030,118.082,2015-09-19,1014.1,25.1,78.8,21.2
1,5.216,5.298,5.363,5.358,5.270,4.873,52.408,51.448,51.103,50.681,50.665,51.789,2015-09-20,1012.6,24.7,81.5,21.3
1,10.161,10.423,10.583,10.533,10.204,9.462,55.322,55.047,54.965,54.911,54.925,55.648,2015-09-21,1015.8,24.0,76.8,19.6
1,10.839,11.113,11.324,11.045,10.479,12.205,44.536,44.149,44.198,44.590,45.455,42.269,2015-09-22,1017.7,23.9,79.9,20.1
1,12.194,12.612,12.892,12.612,11.732,10.104,29.756,29.931,29.697,29.695,29.711,34.380,2015-09-23,1019.0,23.0,78.8,19.1
1,11.179,11.692,11.926,11.839,11.262,10.067,55.370,55.235,55.180,55.164,54.265,53.121,2015-09-24,1020.4,22.9,69.7,17.0
1,12.270,12.807,13.120,13.082,12.617,11.601,72.899,72.670,72.755,72.811,72.701,73.259,2015-09-25,1020.5,23.4,74.2,18.5
1,13.224,13.813,14.166,14.220,13.675,12.338,65.283,65.819,65.977,65.448,64.914,66.155,2015-09-26,1021.2,23.0,77.8,18.9
1,11.798,12.508,12.962,13.142,13.003,12.277,68.401,69.713,70.684,71.376,72.069,73.033,2015-09-27,1022.4,23.1,82.6,20.0
1,7.940,8.740,9.165,9.138,8.283,6.727,79.473,82.794,86.040,88.562,90.147,92.692,2015-09-28,1019.8,23.4,88.6,21.4
1,9.150,9.943,10.581,10.898,10.509,8.893,111.514,114.976,118.250,121.455,125.355,129.590,2015-09-29,1014.7,23.8,91.3,22.3
1,7.105,7.300,7.547,7.695,7.423,6.634,-116.672,-116.025,-124.661,-118.076,-115.898,-115.365,2015-09-30,1008.3,23.9,94.8,23.0
1,11.359,11.692,11.826,11.817,11.632,11.097,22.174,26.214,28.759,30.192,29.894,27.530,2015-10-01,1009.0,22.3,93.5,21.2
1,17.169,17.929,18.325,18.004,16.888,16.180,33.972,34.787,34.833,34.050,36.699,39.268,2015-10-02,NA,20.8,91.4,19.3
1,10.985,11.535,12.045,12.484,12.745,12.847,81.297,83.508,85.688,88.036,90.116,92.317,2015-10-03,1011.4,23.0,89.6,21.2
1,17.668,18.351,18.782,18.910,18.602,17.342,53.898,54.627,54.828,54.521,53.361,58.394,2015-10-04,1013.2,21.8,87.6,19.6
1,14.544,15.717,16.048,15.382,13.488,12.841,30.098,31.245,31.244,29.384,31.390,60.849,2015-10-05,1014.6,19.6,84.4,16.9
1,10.331,11.129,11.395,10.980,9.661,10.973,23.804,25.454,24.576,21.399,23.084,32.873,2015-10-06,1015.1,18.6,77.3,14.5
1,3.787,4.201,4.400,4.304,3.617,2.661,11.110,6.646,1.985,1.592,4.920,13.269,2015-10-07,1015.8,19.5,70.4,13.9
1,2.529,2.760,2.842,2.836,2.317,1.709,15.206,17.353,15.343,12.838,11.514,13.894,2015-10-08,1019.2,20.4,74.9,15.8
1,6.031,6.984,7.307,7.135,5.926,4.828,-129.098,-126.986,-122.687,-109.123,-113.016,-92.733,2015-10-09,1017.7,21.3,77.1,17.1
1,7.761,8.573,9.085,8.699,7.426,4.486,-8.452,-8.734,-9.566,-10.450,-11.270,1.368,2015-10-10,1015.7,19.4,77.1,15.3
1,7.326,8.152,8.420,8.156,7.378,4.161,30.908,30.264,29.460,26.954,22.574,47.543,2015-10-11,1014.4,18.3,78.5,14.5
1,2.413,3.270,3.584,3.358,2.647,1.433,48.679,48.013,39.759,32.281,28.161,23.227,2015-10-12,1011.3,19.1,69.7,13.4
1,8.054,8.575,8.953,9.007,8.709,7.753,-99.945,-100.378,-98.780,-99.281,-104.407,-111.907,2015-10-13,1005.5,20.7,79.4,17.0
1,6.023,6.443,6.751,6.863,6.781,6.221,-8.684,-8.487,-8.319,-8.601,-9.450,-7.154,2015-10-14,1008.9,20.2,64.4,13.0
1,3.445,3.741,3.894,3.722,3.312,2.340,-8.920,-10.021,-9.982,-12.875,-17.348,-27.102,2015-10-15,1016.1,18.8,54.3,9.3
1,6.657,7.022,7.231,7.002,6.526,5.133,-81.050,-81.286,-82.210,-82.027,-80.222,-81.368,2015-10-16,1017.7,18.4,59.8,10.4
1,4.055,4.551,4.758,4.596,4.299,3.067,-18.809,-20.942,-22.506,-24.283,-23.850,-31.854,2015-10-17,1020.5,16.9,47.5,5.6
1,8.919,9.687,10.112,9.825,9.055,7.289,-13.736,-15.194,-16.482,-16.867,-16.303,-10.856,2015-10-18,1025.1,11.8,54.8,3.0
1,6.750,7.343,7.504,7.284,6.584,5.227,11.109,7.155,5.365,3.941,6.733,7.919,2015-10-19,1030.7,10.8,50.7,0.9
1,4.116,4.528,4.921,4.503,3.978,2.713,-88.597,-89.832,-94.980,-96.987,-100.140,-77.599,2015-10-20,1029.3,14.0,53.4,4.6
1,3.477,3.747,4.228,3.992,3.540,7.045,-98.548,-93.806,-96.302,-99.851,-106.302,-115.498,2015-10-21,1027.6,18.0,67.5,11.8
1,4.212,4.620,5.107,5.102,4.426,6.893,-33.864,-80.732,-99.473,-102.768,-98.234,-79.436,2015-10-22,1025.3,18.6,83.9,15.8
1,6.485,7.140,7.817,7.767,7.433,6.380,-49.196,-45.586,-44.762,-43.974,-43.084,-39.545,2015-10-23,1021.6,18.2,78.6,14.4
1,6.007,6.626,6.799,6.593,6.069,4.923,77.353,73.784,72.417,70.820,70.858,74.240,2015-10-24,NA,16.6,61.1,9.1
1,3.364,4.014,4.140,3.762,3.382,2.784,-39.754,-22.183,-15.246,-28.828,-40.374,-50.388,2015-10-25,1020.9,18.2,75.1,13.7
1,8.917,9.658,10.135,9.878,9.302,6.462,32.295,30.214,26.490,26.910,28.987,10.255,2015-10-26,1025.6,16.4,70.1,10.9
1,10.556,11.198,11.469,11.351,10.920,7.838,82.823,80.431,78.834,77.671,77.613,67.100,2015-10-27,1027.7,17.4,72.3,12.3
1,11.203,12.444,13.210,13.416,12.977,13.516,26.796,24.149,22.371,22.085,18.263,5.894,2015-10-28,1017.6,19.8,87.8,17.7
1,9.907,10.804,11.547,11.783,11.149,9.687,-124.493,-123.395,-121.938,-120.732,-117.733,-113.936,2015-10-29,1007.1,19.9,89.8,18.1
1,6.906,7.415,7.896,7.889,7.343,5.417,-23.890,-25.156,-25.991,-26.912,-25.927,-27.257,2015-10-30,1013.4,17.3,63.7,10.2
1,3.451,3.557,3.784,3.844,3.578,2.860,19.246,9.748,6.668,-6.261,-23.817,-2.144,2015-10-31,NA,14.3,60.1,6.7
1,4.382,5.492,5.903,5.393,4.583,6.219,-133.740,-122.636,-121.649,-123.568,-121.160,-93.603,2015-11-01,1018.0,17.5,73.2,12.5
1,3.568,4.179,4.243,3.727,3.284,2.766,34.802,28.759,24.189,26.560,25.081,12.921,2015-11-02,NA,17.7,92.2,16.4
1,5.524,6.113,6.392,6.152,5.667,4.046,49.409,47.870,45.762,43.073,42.494,49.237,2015-11-03,1020.8,17.7,83.2,14.8
1,5.921,6.791,7.149,6.844,6.064,4.742,78.023,79.163,79.384,78.679,78.866,87.588,2015-11-04,NA,18.4,86.0,16.0
1,7.499,8.517,8.854,8.446,7.960,6.393,28.242,30.386,31.508,31.576,31.120,17.265,2015-11-05,1024.4,19.8,88.8,17.9
1,8.549,9.402,9.689,9.624,9.186,8.158,-132.535,-131.358,-130.424,-128.676,-122.730,-112.537,2015-11-06,1020.8,19.3,93.4,18.2
1,7.275,8.495,8.981,8.757,7.759,10.568,94.174,93.221,91.950,91.712,87.366,81.736,2015-11-09,1026.1,18.9,78.7,15.1
1,10.486,11.333,11.905,12.196,11.984,11.173,-19.219,-23.175,-23.462,-23.152,-23.338,-22.539,2015-11-10,1014.2,19.2,95.5,18.5
1,8.667,9.868,10.458,10.188,9.315,7.093,-33.994,-39.446,-43.466,-44.291,-43.690,-38.543,2015-11-11,1012.1,15.7,74.0,11.1
1,4.834,5.975,6.141,5.804,4.816,8.387,-67.564,-66.381,-93.819,-100.857,-114.749,-54.370,2015-11-12,NA,17.3,70.2,11.8
1,8.904,9.999,10.578,10.231,9.191,6.703,-79.099,-77.769,-78.701,-79.185,-82.024,-78.491,2015-11-13,1009.1,17.5,60.8,9.5
1,8.055,8.999,9.354,8.819,7.733,5.355,-36.189,-39.407,-41.443,-41.756,-38.525,-33.367,2015-11-14,NA,13.0,41.2,0.0
1,4.159,4.590,4.980,4.725,4.049,2.933,-23.322,-32.190,-37.800,-39.535,-35.758,-20.770,2015-11-15,1028.6,12.8,46.5,1.6
1,4.260,4.655,4.821,4.531,3.986,2.964,-24.358,-57.294,-78.770,-68.006,-37.893,-33.697,2015-11-16,1026.5,14.9,50.6,4.7
1,4.836,5.316,5.514,5.326,4.928,3.953,19.679,18.393,17.378,14.218,8.492,22.706,2015-11-17,1026.7,16.3,66.8,10.0
1,8.583,9.729,10.253,10.158,9.473,6.747,134.133,132.749,132.053,124.908,109.686,89.175,2015-11-18,1027.7,17.6,77.1,13.6
1,10.001,11.322,12.234,11.792,10.470,9.413,14.546,9.394,20.895,19.525,-24.410,-28.007,2015-11-19,1020.6,18.2,85.7,15.8
1,10.389,11.310,11.856,11.920,11.350,9.433,-45.966,-47.458,-48.451,-49.555,-48.507,-38.835,2015-11-20,1018.4,15.9,70.2,10.0
1,6.771,7.393,7.663,7.282,6.507,4.967,61.653,60.932,57.813,57.674,56.603,58.618,2015-11-21,NA,14.1,57.1,5.5
1,9.129,9.421,9.582,9.597,9.433,8.672,-5.359,-6.096,-6.433,-6.901,-7.678,-8.459,2015-11-22,1013.3,13.1,84.4,10.5
1,11.655,12.194,12.433,12.346,11.922,10.496,-29.057,-28.691,-28.679,-29.294,-29.524,-29.264,2015-11-23,1017.6,6.9,60.5,-0.2
1,4.162,4.357,4.566,4.645,4.184,2.772,-58.652,-65.799,-66.178,-67.547,-61.775,-65.020,2015-11-24,1028.1,8.2,42.9,-3.8
1,4.144,4.421,4.485,4.535,3.872,3.275,47.698,59.913,62.322,46.013,46.204,42.272,2015-11-25,1036.4,12.4,47.0,1.3
1,7.973,8.564,8.805,8.726,8.151,6.886,83.644,84.685,85.610,86.263,86.836,89.742,2015-11-26,1039.7,15.8,76.5,11.6
1,5.182,5.432,5.497,5.382,4.970,4.192,72.707,78.648,82.307,82.211,80.348,77.103,2015-11-27,1033.6,16.1,89.8,14.4
1,3.510,3.622,3.614,3.622,3.366,3.058,-59.278,-53.737,-49.578,-53.530,-56.153,-56.588,2015-11-28,1024.6,15.4,89.7,13.7
1,6.112,6.410,6.520,6.339,5.734,4.861,-37.593,-33.599,-29.833,-27.709,-24.550,-22.736,2015-11-29,1020.7,14.9,88.4,13.0
1,9.500,10.128,10.497,10.426,10.102,9.759,45.897,47.131,48.499,49.425,49.842,50.519,2015-11-30,1022.5,14.3,90.6,12.8
1,4.439,4.935,5.259,4.974,4.483,3.325,-26.213,-27.774,-24.184,-22.751,-13.100,-1.737,2015-12-01,1019.6,14.4,95.6,13.7
1,4.884,5.416,5.837,5.971,5.156,3.092,-110.012,-128.298,-132.449,-128.138,-104.899,-35.769,2015-12-02,1013.9,14.8,98.4,14.5
1,10.932,11.648,12.051,11.753,10.702,7.952,-58.396,-60.133,-60.389,-58.666,-56.710,-43.372,2015-12-03,1013.3,13.5,70.1,7.9
1,6.300,6.752,7.024,6.745,6.147,4.887,2.761,-2.854,-5.511,-6.135,-2.638,18.296,2015-12-04,NA,9.6,60.6,2.3
1,6.332,6.657,6.749,6.662,6.351,5.445,31.908,29.026,28.914,26.516,29.198,36.169,2015-12-05,1036.3,11.2,67.2,5.3
1,5.946,6.307,6.435,6.395,6.040,4.936,32.491,28.254,26.817,24.130,27.666,35.187,2015-12-06,1033.1,11.9,77.1,8.0
1,3.130,3.106,3.078,2.995,2.789,2.550,32.540,25.803,21.852,21.994,26.873,56.036,2015-12-07,1023.4,12.3,78.2,8.5
1,5.617,5.977,6.318,6.204,5.754,4.838,-9.689,-12.693,-15.286,-15.116,-13.553,-10.678,2015-12-08,1019.4,11.1,66.3,4.9
1,4.390,4.715,4.929,4.836,4.504,3.658,-82.180,-86.324,-89.158,-89.986,-89.944,-84.397,2015-12-09,1020.4,12.7,65.8,6.4
1,4.241,4.983,5.473,5.368,4.819,3.765,-18.693,-30.551,-56.107,-60.510,-78.140,-52.395,2015-12-10,1015.9,14.4,83.0,11.6
1,6.998,7.953,8.654,9.018,8.846,8.126,-120.297,-119.375,-119.358,-118.493,-118.431,-112.662,2015-12-11,1015.9,14.7,83.0,11.8
1,6.006,6.625,7.136,7.418,7.120,6.423,-115.524,-110.348,-105.359,-101.419,-97.679,-89.182,2015-12-12,1021.0,14.8,90.2,13.2
1,5.853,6.706,7.242,7.215,6.225,4.957,-104.268,-99.096,-96.283,-95.840,-98.542,-97.552,2015-12-13,1022.3,15.0,92.8,13.9
1,9.778,11.087,11.901,12.199,11.521,8.786,-125.190,-131.582,-130.573,-124.403,-114.821,-45.353,2015-12-14,1015.3,15.9,92.1,14.6
1,9.788,11.028,11.797,11.864,11.061,7.933,-67.960,-74.119,-77.532,-79.311,-78.962,-56.639,2015-12-15,1005.3,16.2,86.1,13.8
1,4.396,4.696,4.869,4.614,4.400,3.820,44.402,36.469,33.439,36.714,43.035,50.645,2015-12-16,1016.7,12.9,71.5,7.8
1,9.284,10.360,11.037,10.988,10.295,7.861,25.770,24.641,21.615,22.779,23.872,45.643,2015-12-17,1012.7,15.5,89.1,13.7
1,6.871,7.259,7.756,7.364,6.738,5.406,-17.954,-19.672,-20.991,-26.463,-25.133,-11.971,2015-12-18,1007.8,13.0,89.8,11.3
1,9.506,10.364,10.822,10.525,9.394,7.923,-54.954,-56.608,-57.344,-57.652,-58.114,-57.229,2015-12-19,1022.0,6.4,52.7,-2.7
1,4.904,5.194,5.544,5.358,4.483,3.672,-17.577,-14.853,-10.169,-12.217,-11.003,-9.394,2015-12-20,1033.2,7.9,50.5,-1.8
1,8.719,10.881,11.605,11.957,11.058,8.258,-42.573,-117.489,-118.843,-120.762,-85.957,76.791,2015-12-22,1024.4,13.7,81.7,10.4
1,8.088,8.680,9.305,9.348,9.223,8.300,-29.622,-42.750,-45.028,-36.838,-22.276,-3.386,2015-12-23,1018.4,15.1,98.0,14.8
1,14.910,16.938,17.592,17.396,16.465,14.780,-125.802,-122.555,-120.677,-121.361,-119.043,-93.371,2015-12-24,1018.4,16.7,98.4,16.5
1,11.647,12.398,12.875,12.996,12.625,11.645,-128.072,-125.868,-124.862,-123.032,-121.275,-116.998,2015-12-25,1022.8,16.5,99.2,16.4
1,6.020,6.169,6.037,5.295,4.589,3.295,-31.667,-31.951,-31.256,-27.156,-23.540,-19.866,2015-12-26,1025.0,15.6,99.5,15.5
1,7.180,7.925,8.044,7.494,6.223,3.699,-65.860,-65.342,-62.150,-58.814,-10.556,-12.110,2015-12-27,1021.1,15.3,98.6,15.1
1,11.667,12.486,13.030,13.043,12.480,11.211,7.907,8.116,6.276,6.314,5.320,14.253,2015-12-28,1021.2,14.1,86.2,11.8
1,11.618,12.542,13.155,13.324,12.803,11.067,-35.257,-37.004,-41.111,-45.005,-35.680,-26.738,2015-12-29,1017.4,16.2,98.2,15.9
1,6.107,5.276,6.077,5.241,4.837,3.670,82.295,69.235,56.162,68.185,58.994,16.436,2015-12-30,1021.7,15.1,99.0,14.9
1,6.948,7.350,7.430,7.142,5.952,4.918,9.967,4.522,-5.007,0.145,-5.382,-10.750,2015-12-31,1019.1,14.2,96.4,13.6
1,5.421,5.714,5.789,5.736,5.544,4.986,10.915,6.978,5.451,5.030,6.142,12.576,2016-01-01,NA,10.3,74.3,5.9
1,5.847,6.204,6.474,6.276,5.820,4.798,-38.511,-42.107,-45.395,-45.152,-43.300,-31.737,2016-01-02,1020.3,8.3,57.9,0.5
1,7.385,7.963,8.137,7.892,7.202,6.150,-91.816,-95.552,-96.768,-96.782,-94.379,-88.389,2016-01-03,1015.3,9.5,54.4,0.7
1,9.616,10.412,10.689,10.365,9.562,8.416,-14.364,-16.543,-17.173,-17.003,-16.186,-14.025,2016-01-04,1014.8,6.1,61.6,-0.8
1,11.978,12.352,12.504,12.343,11.916,10.789,-11.110,-10.508,-10.427,-10.636,-11.327,-14.186,2016-01-05,1030.6,-1.0,77.7,-4.5
1,8.098,8.398,8.475,8.341,7.966,7.129,31.957,31.304,31.079,31.052,31.416,33.462,2016-01-06,1033.9,5.7,75.9,1.8
1,8.893,9.366,9.523,9.592,9.459,8.954,46.006,45.051,44.667,44.669,45.300,48.280,2016-01-07,1024.6,11.1,83.1,8.3
1,9.305,9.670,9.991,10.154,9.892,9.572,43.855,42.628,41.410,41.381,42.507,46.414,2016-01-08,NA,11.6,87.9,9.6
1,6.575,6.930,7.205,7.201,7.098,6.664,48.354,49.834,51.422,53.987,57.047,62.432,2016-01-09,1017.7,11.7,92.9,10.6
1,12.305,13.652,14.473,15.117,15.137,13.989,-53.833,-53.559,-53.249,-52.699,-51.853,-44.560,2016-01-10,1004.9,14.2,90.0,12.4
1,8.390,8.849,9.074,8.887,8.207,7.131,-59.703,-59.939,-60.714,-61.863,-61.945,-60.722,2016-01-11,1014.6,6.7,52.3,-2.6
1,8.575,9.139,9.405,8.987,8.144,7.248,-106.959,-107.689,-108.376,-109.198,-109.475,-106.637,2016-01-12,1016.8,7.4,39.6,-5.6
1,10.075,10.511,10.737,10.575,10.068,8.721,-58.328,-58.378,-58.736,-59.026,-62.164,-67.728,2016-01-13,1017.7,3.7,46.3,-6.8
1,7.084,7.796,7.950,7.745,7.151,5.878,-102.742,-102.243,-102.188,-102.610,-104.457,-104.050,2016-01-14,1018.0,6.4,49.3,-3.7
1,7.033,7.681,7.898,7.779,6.486,4.949,-64.801,-60.244,-58.237,-56.182,-55.272,-61.219,2016-01-15,1014.1,10.5,70.9,5.3
1,9.268,9.968,10.618,10.673,10.362,9.006,-32.990,-44.887,-51.879,-52.083,-52.064,-14.074,2016-01-16,999.5,10.7,87.3,8.6
1,9.927,10.308,10.584,10.395,9.873,8.869,-2.456,-9.945,-8.425,-8.854,-7.688,27.936,2016-01-17,1007.8,7.7,77.6,4.0
1,10.533,11.178,11.396,11.016,10.124,8.711,-51.088,-50.392,-50.498,-51.532,-53.799,-61.632,2016-01-18,1013.5,1.9,63.8,-4.3
1,10.640,11.470,11.660,11.089,9.673,7.519,-45.470,-44.465,-44.714,-46.293,-51.136,-69.972,2016-01-19,1023.7,-3.1,59.6,-10.0
1,7.394,7.962,8.070,7.799,6.865,5.164,-51.659,-49.689,-50.252,-50.623,-56.001,-80.106,2016-01-20,1026.2,-0.9,65.4,-6.7
1,8.921,9.478,9.642,9.395,8.531,7.235,-54.718,-54.074,-54.471,-54.919,-56.458,-62.741,2016-01-21,1022.6,1.1,69.1,-4.0
1,8.640,8.963,9.110,8.856,8.469,7.632,20.271,20.617,20.730,20.466,19.918,19.155,2016-01-22,1022.2,2.6,68.2,-2.8
1,18.117,18.630,19.031,19.401,19.999,20.373,-0.910,-0.878,-0.804,-0.313,0.249,1.473,2016-01-23,992.1,7.0,93.4,5.9
1,14.960,15.281,15.476,15.422,15.142,14.517,-28.015,-27.918,-27.868,-27.974,-27.736,-27.354,2016-01-24,1010.2,1.7,74.1,-2.6
1,4.341,4.817,5.029,4.904,4.298,2.773,-92.124,-91.106,-91.624,-92.267,-90.098,-54.573,2016-01-25,1024.9,5.4,46.1,-5.3
1,8.851,9.937,10.409,9.982,20.976,11.210,-139.438,-138.611,-135.604,-129.497,-117.441,-54.237,2016-01-26,1023.7,9.4,76.4,5.4
1,9.670,10.230,10.535,10.529,10.300,9.604,-54.037,-53.709,-53.405,-52.693,-52.079,-50.442,2016-01-27,1019.1,8.2,80.7,5.1
1,5.446,5.636,5.737,5.613,5.261,5.138,29.982,29.301,28.928,28.921,30.074,34.644,2016-01-28,1016.2,6.4,71.0,1.5
1,7.607,7.880,8.058,8.067,7.545,6.881,-39.673,-40.435,-41.095,-41.203,-40.955,-37.686,2016-01-29,NA,6.6,70.6,1.5
1,8.125,8.470,8.553,8.451,7.949,7.033,-49.341,-51.252,-51.808,-52.575,-50.875,-49.294,2016-01-30,1019.2,4.3,56.5,-3.6
1,9.879,10.704,11.290,11.202,10.281,6.985,-135.614,-132.910,-130.503,-127.498,-123.725,-116.439,2016-01-31,1018.4,8.9,77.5,5.2
1,11.123,12.403,13.201,13.533,12.311,7.577,-127.045,-124.054,-121.966,-120.207,-119.590,-115.685,2016-02-01,1013.9,9.4,80.8,6.3
1,8.917,9.273,9.506,9.632,9.467,8.597,13.441,14.491,15.575,16.214,16.059,16.423,2016-02-02,1021.3,9.0,85.2,6.6
1,13.291,14.589,15.496,15.925,15.775,16.146,-31.382,-32.595,-31.379,-31.180,-33.414,-37.444,2016-02-03,1020.8,11.2,90.7,9.7
1,9.613,10.238,9.519,8.727,7.572,6.599,-53.957,-40.374,-28.847,-25.293,-19.849,-11.944,2016-02-04,1015.8,10.8,97.8,10.4
1,12.814,13.279,13.585,13.495,12.991,12.624,-15.999,-15.680,-15.538,-15.605,-15.959,-16.646,2016-02-05,1018.6,5.3,84.8,2.8
1,5.331,5.585,5.616,5.398,5.058,5.178,15.776,14.938,14.564,13.873,13.493,14.405,2016-02-06,1030.3,4.8,54.7,-3.5
1,12.113,12.325,12.533,12.666,12.697,13.231,-0.408,-0.371,-0.207,-0.260,-0.328,0.204,2016-02-08,1014.0,5.7,70.3,0.6
1,6.250,6.327,6.351,6.332,6.143,6.948,14.046,6.847,1.312,-3.063,-3.162,4.587,2016-02-09,1002.1,6.5,79.0,3.1
1,8.215,8.547,8.592,8.581,8.143,7.155,-74.026,-76.036,-79.782,-76.971,-77.200,-78.623,2016-02-10,1008.1,2.7,58.7,-4.7
1,10.396,11.046,11.276,10.946,10.084,8.333,-62.247,-61.839,-61.854,-62.969,-64.775,-71.464,2016-02-11,1017.3,-0.1,50.8,-9.2
1,4.837,5.081,5.184,5.095,4.918,4.378,27.287,27.564,27.623,27.348,25.680,19.083,2016-02-12,1024.3,-1.5,57.5,-9.2
1,10.269,10.761,10.991,10.822,10.261,9.117,-38.051,-38.183,-38.476,-38.985,-39.694,-41.370,2016-02-13,1019.6,-1.0,63.3,-7.5
1,9.162,9.595,9.804,9.625,9.043,7.629,-21.682,-19.410,-20.566,-23.427,-27.927,-38.562,2016-02-14,1032.1,-5.4,57.8,-12.4
1,6.986,7.386,7.790,7.947,8.053,8.030,29.013,29.058,29.188,25.055,20.580,22.072,2016-02-15,1029.4,2.4,79.2,-1.0
1,15.495,16.889,18.039,18.863,19.336,19.656,-61.239,-80.762,-96.956,-107.837,-119.896,-128.318,2016-02-16,1010.6,9.8,89.7,8.2
1,3.826,3.958,4.097,3.905,3.405,6.178,13.056,8.210,7.528,8.171,10.188,33.251,2016-02-17,1015.5,6.3,78.3,2.8
1,9.333,9.739,10.036,9.908,9.373,8.075,3.411,1.081,-0.322,-0.190,0.596,0.762,2016-02-18,1028.0,4.6,60.1,-2.6
1,6.008,6.168,6.230,6.165,5.982,5.597,-3.219,-2.269,-2.103,-2.515,-3.502,-1.810,2016-02-19,1033.6,3.1,58.5,-4.3
1,11.676,12.281,12.733,13.005,13.015,12.508,-126.829,-126.108,-126.240,-125.999,-125.835,-123.763,2016-02-20,1021.9,7.9,78.9,4.4
1,10.556,10.971,11.218,11.315,11.226,11.039,-114.626,-112.076,-109.888,-107.742,-105.696,-101.413,2016-02-21,1015.3,8.7,91.8,7.4
1,10.055,10.197,10.454,10.610,10.654,10.471,-17.386,-16.305,-15.301,-14.554,-14.085,-11.519,2016-02-22,1016.0,7.8,91.4,6.5
1,9.381,9.876,10.225,10.234,10.018,9.164,50.630,55.938,59.896,63.992,67.260,68.260,2016-02-23,1017.7,8.4,94.8,7.7
1,13.023,14.028,14.867,15.451,16.033,16.273,-78.178,-76.370,-74.353,-71.222,-73.239,-73.620,2016-02-24,1010.6,10.0,99.9,10.0
1,14.569,15.704,16.524,16.958,16.725,14.966,-110.064,-110.147,-109.897,-109.439,-108.298,-104.031,2016-02-25,1000.1,10.2,72.5,5.2
1,9.460,10.302,10.471,10.194,9.252,7.382,-43.633,-44.901,-45.093,-45.454,-44.572,-41.722,2016-02-26,1013.2,6.2,55.9,-1.9
1,6.476,6.831,6.792,6.551,6.518,12.896,-34.653,-35.995,-36.401,-37.321,-36.683,-3.501,2016-02-27,1022.2,2.8,50.3,-6.5
1,7.370,7.927,7.979,7.581,7.018,17.127,-129.996,-129.762,-129.330,-126.397,-123.161,-42.789,2016-02-28,1020.1,6.6,69.8,1.5
1,11.759,13.136,14.018,14.291,13.421,10.447,-116.238,-114.654,-113.464,-111.762,-108.171,-103.380,2016-02-29,1012.7,9.5,69.5,4.2
1,8.160,9.501,10.099,9.778,8.008,6.038,22.949,20.644,20.419,22.262,25.748,34.179,2016-03-01,1017.7,9.9,76.0,5.8
1,13.976,15.152,15.958,16.141,15.875,14.564,-82.982,-82.237,-81.763,-81.308,-80.816,-79.106,2016-03-02,1009.2,9.0,76.1,4.8
1,8.357,8.594,8.688,8.523,8.071,7.226,14.287,14.269,14.149,13.483,13.081,12.981,2016-03-03,1023.3,3.0,56.5,-4.8
1,14.334,14.719,14.954,14.806,14.547,14.266,12.601,12.634,12.799,12.943,13.322,13.935,2016-03-04,1014.2,4.5,85.1,2.2
1,7.979,7.929,7.935,7.897,7.711,9.181,17.678,19.810,20.183,17.942,16.590,2.767,2016-03-05,1021.9,3.9,61.2,-3.0
1,6.059,5.777,5.789,5.755,5.801,11.637,51.859,54.507,54.027,52.524,50.680,9.376,2016-03-06,1023.8,5.6,64.8,-0.6
1,5.282,5.525,5.729,5.768,5.486,5.156,-35.537,-46.343,-47.004,-39.461,-32.526,-32.417,2016-03-07,1026.7,7.1,71.7,2.3
1,7.845,8.574,9.158,9.076,8.639,7.205,-97.554,-87.881,-76.789,-90.663,-83.835,-74.580,2016-03-08,1022.7,10.3,77.5,6.5
1,9.297,9.753,10.071,10.211,10.050,9.456,-128.957,-126.575,-124.294,-122.223,-120.419,-116.304,2016-03-09,1022.8,10.8,85.7,8.5
1,13.271,14.077,14.515,14.753,14.731,14.411,-120.732,-119.742,-118.585,-117.406,-116.216,-113.554,2016-03-10,1021.5,12.2,89.1,10.5
1,11.631,12.624,13.186,13.341,13.079,12.000,-48.937,-50.377,-49.997,-51.000,-51.038,-51.691,2016-03-11,1019.5,12.0,91.2,10.6
1,5.978,6.619,6.945,6.976,6.533,5.300,63.519,53.536,51.502,48.636,50.013,59.333,2016-03-12,1024.6,10.4,90.9,9.0
1,5.012,5.582,5.608,5.822,5.816,5.729,-49.731,-57.285,-60.257,-54.883,-42.917,-40.911,2016-03-13,1016.6,11.3,98.8,11.1
1,7.791,8.040,8.011,7.856,7.435,6.374,-30.682,-33.172,-32.897,-34.730,-35.607,-26.440,2016-03-14,1011.8,12.1,100.0,12.1
1,5.786,5.936,6.397,6.585,6.198,5.035,11.411,7.397,3.125,0.712,0.319,0.131,2016-03-15,1009.5,8.9,99.2,8.8
1,6.515,6.816,7.080,7.453,6.688,5.518,-60.667,-91.150,-96.160,-73.894,-62.762,-71.421,2016-03-16,1010.2,10.4,96.8,9.9
1,7.332,7.744,8.017,7.637,6.887,5.781,-62.305,-34.063,-16.498,-13.695,-18.492,-14.361,2016-03-17,1010.5,10.3,96.0,9.6
1,5.697,6.179,6.511,6.379,5.994,4.748,-38.923,-28.677,-28.692,-36.588,-49.406,-43.445,2016-03-18,1013.2,11.2,79.7,7.7
1,10.259,10.859,11.293,11.325,10.868,9.376,-19.151,-22.696,-24.662,-25.551,-24.902,-24.520,2016-03-19,1015.0,9.5,80.0,6.2
1,12.039,12.635,12.897,12.683,12.209,11.704,15.993,16.310,17.034,17.568,18.272,19.412,2016-03-20,1012.9,6.8,90.9,5.4
1,9.630,10.055,10.322,10.224,9.867,8.804,-28.577,-29.220,-29.773,-29.936,-29.582,-25.362,2016-03-21,1012.9,5.9,79.6,2.5
1,5.515,6.158,6.437,6.266,5.493,3.805,-86.043,-92.074,-92.853,-91.901,-93.240,-66.379,2016-03-22,1023.3,8.3,66.5,2.4
1,12.621,13.684,14.378,14.649,14.378,13.054,-131.199,-129.630,-128.363,-127.182,-126.081,-123.618,2016-03-23,1020.2,10.9,74.6,6.5
1,12.562,13.927,14.909,14.998,14.653,13.039,-135.198,-134.774,-134.776,-132.755,-129.949,-92.686,2016-03-24,1018.6,12.6,82.4,9.7
1,14.428,15.767,16.531,16.561,16.123,14.338,-145.399,-144.117,-141.617,-136.915,-124.606,-81.478,2016-03-25,1011.0,12.7,95.1,11.9
1,8.869,9.227,9.498,9.629,9.555,9.008,20.161,19.918,19.822,19.686,19.589,21.070,2016-03-26,1021.0,10.5,84.0,7.8
1,7.427,7.715,7.855,7.697,7.414,6.239,55.794,59.929,64.813,70.518,74.582,75.298,2016-03-27,1024.3,10.1,97.0,9.6
1,8.252,8.583,8.864,8.903,8.739,6.976,-36.545,-33.153,-32.110,-29.025,-22.247,-12.250,2016-03-28,1010.0,12.5,93.3,11.3
1,8.507,9.272,9.935,9.962,9.590,8.059,-27.372,-31.344,-30.161,-30.374,-28.110,-23.655,2016-03-29,1016.6,11.3,65.5,5.0
1,5.289,5.777,6.295,6.251,5.916,5.264,52.744,70.179,71.532,70.837,57.694,39.247,2016-03-30,NA,10.2,61.7,3.1
1,11.593,13.066,13.909,14.180,13.951,12.875,-141.300,-140.171,-142.064,-143.095,-143.234,-94.990,2016-03-31,1020.6,13.1,84.0,10.4
1,13.745,15.126,15.879,15.874,15.386,13.953,-143.914,-142.042,-137.975,-129.832,-105.174,-62.292,2016-04-01,1009.7,14.8,98.2,14.5
1,11.098,11.951,12.480,12.466,12.216,10.759,-82.311,-82.129,-80.822,-80.665,-80.680,-80.608,2016-04-02,1003.3,13.5,96.2,12.9
1,11.132,11.572,11.704,11.762,11.671,11.181,-84.440,-84.404,-83.485,-83.534,-83.067,-79.810,2016-04-03,1009.6,8.8,57.6,0.4
1,12.551,13.851,14.632,14.632,13.603,8.659,-141.185,-140.948,-140.102,-138.644,-137.824,-129.992,2016-04-04,1015.8,11.5,71.8,6.6
1,12.828,13.492,13.838,13.731,13.268,11.866,-8.029,-8.300,-8.510,-8.885,-9.170,-9.840,2016-04-05,1019.1,6.7,73.4,2.1
1,4.511,4.703,4.721,4.712,4.650,4.391,46.570,53.817,51.659,52.147,43.183,46.534,2016-04-06,1027.5,6.7,51.1,-2.9
1,12.767,13.972,14.864,15.403,15.407,14.180,-146.444,-145.175,-144.098,-142.545,-141.850,-140.471,2016-04-07,1008.6,12.1,86.9,9.9
1,7.491,8.073,8.402,8.283,7.773,6.199,-37.683,-39.778,-41.346,-42.235,-43.144,-45.251,2016-04-08,1006.6,10.9,63.8,4.3
1,9.553,10.114,10.391,10.388,9.966,8.383,-24.601,-24.762,-22.845,-21.361,-19.943,-21.356,2016-04-09,1008.8,9.4,59.4,1.6
1,8.320,8.652,8.789,8.503,8.084,7.865,15.211,14.546,13.679,13.145,12.204,12.406,2016-04-10,1025.8,5.3,53.0,-3.6
1,9.460,10.216,10.640,10.664,10.152,12.162,-141.041,-137.334,-135.912,-135.521,-133.988,-127.207,2016-04-11,1026.5,10.3,73.0,5.6
1,11.096,12.084,12.537,12.463,11.856,9.050,-127.960,-124.550,-121.420,-118.258,-115.782,-109.062,2016-04-12,1019.8,12.2,91.5,10.9
1,11.279,11.590,11.784,11.805,11.716,11.138,36.682,37.051,37.411,37.334,37.324,36.527,2016-04-13,1025.0,9.6,72.3,4.7
1,9.028,9.439,9.666,9.450,8.880,7.664,34.896,35.129,35.213,34.729,34.333,32.271,2016-04-14,1025.5,8.9,70.4,3.8
1,10.120,10.315,10.448,10.396,10.203,9.642,40.564,40.977,41.360,41.450,41.499,41.778,2016-04-15,1027.7,9.6,69.6,4.2
1,8.445,8.698,8.859,8.729,8.622,7.868,30.208,30.564,31.174,31.730,32.383,34.857,2016-04-16,1028.9,9.7,66.9,3.8
1,10.136,10.598,10.861,10.709,10.014,8.483,20.874,20.877,21.105,21.515,22.378,20.220,2016-04-17,1028.4,10.0,65.8,3.8
1,4.729,5.026,5.238,5.143,4.931,5.129,-6.444,-0.035,4.537,7.485,5.452,-5.661,2016-04-18,NA,11.9,73.5,7.3
1,7.074,7.523,7.801,7.717,7.273,5.636,-73.151,-64.634,-55.433,-47.282,-43.373,-39.400,2016-04-19,1017.8,14.1,74.4,9.4
1,8.219,8.823,9.214,9.195,8.544,7.146,60.206,59.770,59.810,60.715,63.613,40.699,2016-04-20,1022.6,11.9,74.2,7.4
1,8.786,9.704,10.360,10.596,10.493,9.716,-2.897,-0.716,-2.463,-2.961,-3.224,-7.391,2016-04-21,1023.0,11.9,82.1,9.0
1,9.984,10.749,11.271,11.393,11.301,10.797,-118.735,-119.387,-119.210,-118.598,-116.635,-109.550,2016-04-22,1017.3,13.9,93.6,12.9
1,5.511,6.129,6.287,6.052,5.684,5.069,-39.599,-37.763,-38.867,-33.320,-26.548,-6.294,2016-04-23,1010.8,14.7,99.0,14.6
1,8.309,8.875,9.230,9.312,9.203,8.470,32.578,29.243,28.852,28.497,27.990,34.089,2016-04-24,1016.5,12.1,70.6,6.8
1,7.586,8.469,8.986,8.628,7.829,5.558,-31.195,-59.207,-42.184,-23.894,-19.073,-5.339,2016-04-25,1018.2,12.5,72.5,7.6
1,13.738,14.781,15.563,15.695,15.288,14.125,-128.509,-127.877,-127.431,-126.703,-125.487,-122.953,2016-04-26,1011.7,15.7,81.6,12.6
1,9.122,9.998,10.566,10.135,9.247,6.734,-47.337,-47.137,-46.430,-44.371,-50.688,-64.362,2016-04-27,1010.1,14.5,89.2,12.7
1,5.520,5.137,5.491,6.125,5.939,4.660,68.158,72.122,71.696,73.430,78.273,87.657,2016-04-28,1013.4,11.8,100.0,11.8
1,7.983,7.988,8.259,8.374,8.189,7.218,20.833,21.985,20.920,21.365,19.314,17.869,2016-04-29,NA,11.7,98.7,11.5
1,7.697,8.009,7.910,7.940,8.054,8.092,28.168,26.124,25.208,24.695,24.913,26.840,2016-04-30,1020.1,10.9,96.0,10.3
1,8.368,9.392,9.536,9.526,9.464,8.332,37.332,35.255,35.499,35.312,37.298,40.170,2016-05-01,1020.2,12.5,92.5,11.3
1,10.093,10.576,10.856,10.755,10.489,9.325,-124.299,-123.477,-122.453,-121.780,-120.589,-116.807,2016-05-02,1015.0,15.0,98.9,14.8
1,8.608,8.934,8.295,7.732,6.966,5.313,-95.749,-95.489,-104.232,-103.385,-101.756,-91.648,2016-05-03,1010.1,15.6,98.4,15.4
1,5.345,5.559,5.819,5.608,5.025,3.141,-4.200,-5.431,0.797,5.035,9.333,7.751,2016-05-04,NA,12.9,100.0,12.9
1,11.063,11.079,10.949,11.127,11.277,10.777,31.568,31.411,32.064,31.838,31.555,30.040,2016-05-05,1002.1,10.2,97.2,9.8
1,5.509,5.583,5.624,5.547,5.431,4.877,44.244,20.056,9.566,11.210,24.418,29.641,2016-05-06,1004.3,10.5,90.4,9.0
1,3.386,3.900,4.175,4.013,3.463,2.657,-94.815,-101.256,-102.737,-102.756,-96.377,-62.055,2016-05-07,1008.5,12.8,88.6,10.9
1,7.636,8.493,8.959,8.954,8.490,7.144,-91.047,-90.379,-89.759,-87.955,-85.621,-81.456,2016-05-08,1008.3,14.4,84.8,11.8
1,6.717,6.934,6.799,6.428,5.637,4.295,121.726,123.924,124.950,125.347,125.320,116.443,2016-05-09,1017.7,14.8,72.1,9.7
1,5.960,6.215,6.100,5.519,4.778,3.557,36.126,37.028,35.638,38.570,42.278,38.237,2016-05-10,1021.1,13.7,94.0,12.7
1,4.923,4.861,4.750,4.264,3.694,3.099,57.705,50.046,45.135,45.714,42.099,25.869,2016-05-11,1021.2,14.1,99.1,14.0
1,4.704,4.990,4.747,4.305,3.615,2.766,52.287,52.829,53.648,50.446,45.989,36.495,2016-05-12,1019.4,14.0,99.2,13.9
1,6.536,6.957,7.224,6.898,6.151,4.930,-73.658,-49.020,-53.351,-61.822,-69.544,-79.478,2016-05-13,1014.0,15.0,99.8,14.9
1,4.596,4.785,4.882,4.717,4.360,3.779,-53.640,-56.568,-58.253,-47.584,-31.731,-28.510,2016-05-14,NA,16.1,97.9,15.7
1,7.610,8.062,8.356,8.226,7.795,6.356,-35.847,-40.848,-43.773,-48.204,-51.479,-49.096,2016-05-15,1012.7,14.1,64.5,7.4
1,4.561,4.880,4.984,4.847,4.458,3.337,-34.137,-29.799,-30.184,-28.899,-50.588,-13.259,2016-05-16,1022.0,13.8,58.4,5.6
1,5.587,6.188,6.660,6.639,6.096,3.451,-80.544,-74.365,-85.776,-93.499,-108.273,-96.197,2016-05-17,1022.9,15.7,86.0,13.3
1,7.510,7.798,8.066,7.998,7.853,7.580,47.027,41.020,35.416,35.231,34.868,36.586,2016-05-18,1018.1,13.6,96.4,13.0
1,6.172,6.601,7.009,7.076,6.720,5.989,37.260,33.956,29.468,29.105,31.517,28.240,2016-05-19,1018.5,13.3,88.7,11.4
1,3.338,3.845,3.985,3.537,3.000,2.290,61.369,61.150,59.356,59.001,60.726,51.268,2016-05-20,1023.4,14.3,88.2,12.3
1,8.819,9.733,10.216,10.285,9.622,7.401,105.889,105.147,105.090,105.242,102.427,96.046,2016-05-21,1015.1,15.6,93.4,14.6
1,5.658,6.329,6.764,6.799,6.643,5.895,-0.545,-5.831,-10.050,-11.151,-10.374,-2.700,2016-05-22,1009.3,14.3,97.4,13.9
1,6.328,6.795,7.119,7.188,7.021,6.445,30.651,28.576,24.842,23.113,21.412,22.670,2016-05-23,1010.9,13.5,93.2,12.4
1,4.441,5.196,5.615,5.566,5.216,5.337,-68.048,-67.587,-67.252,-65.953,-65.295,-63.233,2016-05-24,1015.7,15.4,89.3,13.7
1,6.126,6.749,7.084,7.099,6.531,5.132,-82.255,-93.430,-91.839,-90.193,-89.152,-82.473,2016-05-25,1020.5,18.1,86.7,15.9
1,9.791,10.549,10.786,10.728,10.196,8.478,-137.799,-135.940,-134.469,-133.182,-132.018,-129.391,2016-05-26,1020.8,18.4,89.3,16.6
1,9.393,10.593,11.127,11.006,10.044,7.593,-151.431,-148.874,-147.294,-145.810,-145.818,-135.842,2016-05-27,1020.7,19.0,87.8,16.9
1,5.125,5.516,5.700,5.693,5.470,4.677,0.050,-0.399,-0.139,-2.153,-2.680,-21.863,2016-05-28,NA,20.4,89.1,18.5
1,6.172,6.421,6.719,6.946,6.939,6.474,146.742,134.650,109.985,93.948,86.075,61.876,2016-05-29,1020.2,21.2,98.0,20.9
1,6.471,6.939,7.266,6.998,6.502,5.137,-96.330,-114.811,-124.475,-129.053,-122.033,-106.528,2016-05-30,1016.7,21.3,100.0,21.3
1,3.478,3.624,3.787,3.724,3.427,2.955,50.330,51.564,50.338,44.662,41.750,39.764,2016-05-31,1014.5,20.8,97.2,20.4
